sleep_hours,study_duration,breaks,time_of_day,focus,stress,energy,good_time_to_study
7.745071229516849,131.98066309758008,2,19,4.305237927508733,2.9118032705332526,10.0,0
6.792603548243223,117.73901048738307,2,16,1.930318213637057,5.009082173687668,10.0,0
7.971532807151039,91.78891109760522,2,2,3.6497666918119944,3.074108426560311,10.0,0
9.284544784612038,70.59189666883279,3,4,4.26951971787132,1.0,10.0,0
6.648769937914996,110.9466994084077,4,18,3.855344493704542,5.024963262993109,8.97093788794577,0
6.648794564576229,101.80456156265248,4,11,5.056678355327396,5.539453775381429,9.220756609511309,0
9.368819223261088,116.85579660083197,1,6,2.5810971651199104,2.5694888251849624,10.0,0
8.151152093729364,109.05515405045908,4,8,2.39409838501509,3.973414879797859,10.0,0
6.295788421097572,121.48658145958005,4,5,2.653199589086991,7.5423956350775185,10.0,0
7.8138400653789475,73.94294365318297,2,16,4.138955930200534,3.075663467283204,10.0,0
6.304873460781307,129.52182196902976,2,15,2.9340510175216554,6.132172206680525,10.0,0
6.301405369644614,95.92798814077199,1,22,2.6057723964558632,4.788181070102451,9.974250600400858,0
7.362943407349051,152.25782617875797,0,2,2.5308763315280016,4.3283273090766095,9.940745282493207,0
4.130079633013303,69.32436545731296,1,20,1.0,6.440418804524143,5.864330225192398,0
4.412623251230451,142.0789140949575,1,3,1.0,7.476600078830486,5.838735747728213,0
6.1565687061385415,95.93732350387944,3,9,1.3044151580794885,5.801862483139908,10.0,0
5.480753319498364,70.45745989156654,3,4,1.0,8.042613465395169,7.024341332821235,0
7.471370998892911,75.48342497837035,1,20,4.03394031822486,3.070642647804088,10.0,0
5.637963886718183,80.3895807541704,1,21,1.6749136148740407,5.285237153569194,9.349899700186045,0
4.881544447997063,102.7249783920575,1,9,3.55775526914589,6.767415512092647,9.151936873711682,0
9.19847315338233,105.68506464106498,4,11,4.0288091952296465,2.9587434393451657,10.0,0
6.661335549270197,72.78899988184263,3,9,3.6899312091004552,4.815365260715298,10.0,0
7.101292307031886,89.26936223217051,1,12,3.2902070797540928,5.67062619078574,10.0,0
4.862877720679815,154.2681107583559,2,10,1.0,5.2818653880909086,6.676674904086025,0
6.183425913212226,141.82629510302132,2,21,1.0,3.7934158016424573,7.740098622285979,0
7.166383884564799,103.08971009022096,4,15,3.240136091280954,4.055899778262067,8.869565792939435,0
5.273509633866546,91.14010434504601,4,7,3.300011530836289,7.342792292761263,8.62297647966115,0
7.563547027518508,93.60093980154784,0,7,3.109858665458613,2.430820604235026,9.462170333219177,0
6.099041965121793,108.4055391819125,0,7,2.100301976020499,2.7000846815496584,8.776243894744766,0
6.562459375310085,59.31622304404783,0,12,3.7290219666985935,4.99732374830992,10.0,0
6.097440081655905,82.27870387729965,4,1,3.0536190380421133,5.517528873335137,9.331335659313773,0
9.778417276763406,39.94247778367232,4,11,5.156697593737541,1.0,10.0,0
6.979754162893099,101.97669367815838,4,9,4.515806658327337,3.734317797688611,10.0,1
5.41343360656615,109.41587819108223,2,11,3.529370469769603,5.440420643650546,9.399016223162617,0
8.233817368154783,75.50440613101878,4,10,7.075982290694695,3.13512471816947,10.0,0
5.168734525043467,137.219602898701,2,14,1.911113323714337,6.491943580418543,7.076106649106669,0
7.313295392507133,53.227030109929764,0,15,4.3552622547016915,4.067885694967217,10.0,0
4.060494814180337,46.068753593705395,0,16,1.2598618724755393,3.8526910828103618,6.920934033133115,0
5.007720926652354,96.73355455679916,0,1,1.0,5.747653117499833,8.411979978373594,0
7.295291853803685,121.41294907836463,1,17,3.5167401847213706,3.6022033365913417,10.0,0
8.107699869993116,140.51783074373606,1,11,3.347607827168479,3.9779232973633256,10.0,0
7.257052421784956,76.2334721139318,3,18,3.03096149225665,3.4754576882904353,9.707537765301055,0
6.826527576417639,122.36042500293887,3,22,2.912574738675347,6.0106566201937754,10.0,0
6.548344456616067,88.84474591497879,3,17,4.773942633879793,3.073064536973522,10.0,0
4.782217014448859,84.82118100177541,1,16,1.6613455597070865,6.676960811911483,7.908947518919035,0
5.920233687407937,116.50979812460017,1,5,2.783948777816763,6.579932704547104,10.0,0
6.309041843560319,109.56968635240258,3,14,1.779695408244115,7.373767032208345,7.806939557662705,0
8.585683339328373,42.708235290472516,3,2,4.592888711993957,1.644354611086027,10.0,0
7.515427434352692,134.2962104917769,4,5,3.2195248004334576,5.047301344862773,10.0,0
4.355439766955899,131.40274062442353,3,2,1.0,6.0307431175554616,7.254638974191192,0
7.486125954092192,71.23311895471412,4,0,7.2236767130000406,1.309136490840019,10.0,1
6.422376579375525,101.87410600312228,2,12,2.8257501860256005,6.120299563124879,10.0,0
5.984616999541062,104.82090558848216,1,20,2.4230088055959795,5.756837799952237,10.0,0
7.917514433261302,97.82021297471721,3,13,2.688606486185521,4.891335139449074,10.0,0
8.546499283743927,73.4908453846374,1,12,7.468710317566874,1.304945250363614,10.0,1
8.396920178674298,69.85129896185845,1,3,2.6789661938167377,3.2871702768854285,10.0,0
5.741173715166042,89.23337787025665,1,6,1.0,7.614867089882089,7.764909606623698,0
6.5361814362231785,125.18187057778094,2,21,3.210608461654616,5.96988868176377,10.0,0
7.496895147105346,106.30800463783297,0,9,3.425258375971667,4.551486435782918,10.0,0
8.463317690683539,78.88157003741682,3,6,5.451020998785191,2.859931224097758,10.0,0
6.281238643232065,113.15096131945035,0,20,4.318921144259054,4.033729254966195,9.003948419082207,0
6.721511535004274,20.0,0,14,2.4807628098757997,4.967394734039408,8.056459429395034,0
5.340497538990958,124.4629710111631,0,14,1.0,6.123027671390028,6.939893889801997,0
5.205690063878993,37.80858663665701,1,3,2.405428822989146,5.928936303114973,9.719954182958213,0
8.218788733591296,79.12677175790603,4,22,5.629293870999845,1.536956489135884,10.0,1
9.034360042856235,56.40990316121568,1,22,6.780193030968437,1.0,10.0,1
6.891984817629499,51.15955572837283,1,5,1.5733579316548796,5.395761843732283,10.0,0
8.505299346838036,124.82480362135558,0,23,4.495369123330024,3.2278117578933805,10.0,0
7.542454037571451,75.96896396064326,1,19,3.1558961545515465,5.176970837815148,10.0,0
6.032320368092313,100.39511645192147,0,4,3.271297826395161,5.562700913714527,9.986396089649125,0
7.5420934082626205,88.59238263362448,4,19,4.965677929516014,2.09254852933993,10.0,0
9.307054849698954,104.31122481669364,3,11,3.38045002169363,3.3235331636443273,10.0,0
6.946260941335073,92.30465673180765,0,0,3.217683592281734,4.002257686439448,8.750792153124413,0
9.346965483721009,51.51023327434291,4,7,5.798639362443779,2.2102272177017497,10.0,1
3.0703823438653837,119.8880045834142,3,0,1.0,8.952961933398269,4.432771778401611,0
8.232853756562836,75.18730250516063,2,4,4.74521113337204,1.4771497239136375,10.0,1
7.130570602357257,43.30254304020747,0,21,2.753662881072751,3.7554332136834367,10.0,0
6.551488974301199,77.15654517102263,0,5,1.0,6.9306765873686444,9.0940772643418,0
7.137641164803253,135.02279371902932,2,20,3.7270072134646304,5.6057251890283615,10.0,0
4.018646628098661,115.50665226340479,2,2,1.0,7.848946489952622,4.170068490749703,0
6.670492168243732,79.54043596776422,0,14,1.4768725139731318,5.730525166509237,10.0,0
7.53566885726762,79.52226887044714,2,4,3.196203794824708,4.000370755776276,10.0,0
9.216841067112274,80.35094846347852,1,23,3.6326544381535655,2.3318756375418292,10.0,1
6.222594672589529,152.30243950682524,3,13,1.8196791108487822,5.224154147031789,10.0,0
5.787259595660219,101.4580635669466,3,17,1.8133562125236682,6.137556156245156,9.04850923370004,0
6.247364434623195,102.90124941573208,3,15,1.5814935921853601,6.503099805389285,9.51913607173307,0
8.373103176553112,120.90850362095526,1,5,3.3621020833637654,2.8059763983627843,10.0,0
7.493126664489527,97.16367477079541,2,23,2.317118091259515,5.550763736270678,10.0,0
6.205359694349442,82.2287356253789,4,13,2.2695340102772894,5.07341320859508,10.0,0
7.769901149670034,84.10950452745065,2,23,6.244563449778404,2.7441544142489365,10.0,1
7.14561632402206,87.85196221757808,0,7,3.8332148076941763,5.316215123191152,10.0,0
8.452967485799334,88.88333290470476,3,6,3.7280519380480075,2.741627160207476,10.0,0
5.946920359183972,111.8288863091094,2,7,1.8369778041327578,6.676409300120626,8.015766163782192,0
6.508506780103348,91.55837657421898,4,12,4.421987489023859,4.725707530541765,10.0,0
6.411837770301764,111.97920231646738,0,5,3.6599593971414697,5.394656124776122,10.0,0
4.804727577801822,87.57850259674252,1,17,1.0,7.148474336478178,9.148308803166483,0
7.444180415596864,92.35905570948272,1,1,4.329829570090342,4.386034237151187,10.0,0
7.391582908269834,30.05397946403677,4,7,5.106400776641327,1.1137849690123733,10.0,1
7.0076701849636915,117.48983024107444,0,10,1.7408048634438753,3.8292499122931574,10.0,0
6.64811929993728,100.39465427693978,3,0,3.907673742603685,5.954534922802532,10.0,0
4.876943886924378,119.94030329578956,2,21,2.24486167791437,6.989924579103901,7.099748192838935,0
6.369032015851961,20.0,0,5,5.485307767642158,3.4405700147099503,8.680586933324243,0
6.485928225209846,152.65124114342183,1,15,1.711563219662496,4.699685111923044,10.0,0
5.796584096167572,85.81231115534479,4,19,4.499330493903178,4.553884768478993,9.41601150679694,0
6.758071432500986,123.24548450212549,4,11,3.680108464264262,3.2742213359058243,9.220833048187753,0
7.606076285221808,58.802822186234074,2,10,4.878273290231027,3.2726900325138937,10.0,0
9.829278851815795,108.38321715187709,4,9,3.816764850208716,1.3786705201344427,10.0,1
7.261866719247759,58.39753310479031,4,2,3.644636737346763,2.744837608180098,10.0,0
7.386325586084147,71.28693117912584,0,12,2.4930354695430976,3.733666508399997,10.0,0
6.888331126350749,147.42094061600358,3,2,3.1144988377072527,5.932655181435382,10.0,0
4.121843177051438,84.2795279770996,2,14,1.0,9.376013554776833,5.321061695320898,0
6.960229186826175,96.52298619539168,0,15,4.082669524515258,3.136603830200473,10.0,0
7.09034531491154,116.10203192066263,3,12,3.37982722157476,6.00406959373336,8.48313442775813,0
10.0,104.87045663917814,0,16,4.161632350447546,2.720942505001374,10.0,0
6.711458552828316,94.51256715430729,0,2,3.922729788400109,4.0846581603667715,8.505694606800615,0
7.452321013500419,100.94883007398676,4,19,4.505972352281231,4.433395442318725,10.0,0
6.947932345442135,162.10246755714826,3,10,2.0243048520002507,5.296142197839387,10.0,0
5.246982943570702,88.27143608899244,2,20,2.934583614621638,6.409896238331244,7.658807433424876,0
8.71423422177253,96.03297140144903,2,18,2.9165553337267043,4.3954463149895036,10.0,0
8.127899549030161,121.51963188022836,3,21,4.6041395074428255,4.503033881604958,10.0,0
8.186547920564571,123.1657779887395,4,10,5.613252255600163,4.374823419147862,10.0,0
5.635918817807892,125.61090916681141,1,15,1.0,6.027287015017656,5.966069570176758,0
9.10419146640415,109.16190666087553,0,20,2.647521372757989,1.2311169796861077,10.0,0
4.8972234058115784,55.70985261808549,4,2,1.608895248759686,5.822805927282772,7.683858589819076,0
7.880285640700405,139.00294596903288,3,21,4.502186001529402,5.643038280314057,10.0,0
10.0,55.60963820943936,0,5,4.245511853659052,1.0,10.0,1
5.514195512303967,99.079063957171,2,13,3.2903399953947976,5.0820328521388545,9.947686295664154,0
6.150553405595842,67.37172449941926,1,23,2.934983053139641,5.098576405628547,8.28032322845103,0
7.1494770476314615,88.07584960221023,2,17,4.454649629475328,3.3337989942247797,9.570865060851233,0
6.244786518825701,99.86287230910442,3,16,3.9950950756707817,4.627071239210827,10.0,0
4.674004853400801,99.6407164635082,0,3,1.0,6.563075172596159,7.349560156387115,0
7.102844462209041,102.65762262705854,3,22,3.8063106329453147,3.2424985107184527,9.716341116777162,0
5.406544429410843,138.41133807175942,0,14,2.1892727645850747,5.926189358902112,8.326441619520883,0
7.710388645952772,103.60602904541939,4,10,4.520293532279785,4.719806421591526,10.0,0
5.620863648649295,82.67530094128054,1,2,2.7532987980197823,4.4496882514744165,9.532116871396548,0
9.324901607526309,118.92261504865073,4,2,6.461995659315093,1.0592698421230322,10.0,1
5.825120061495644,125.68411466773921,4,15,3.031025900137344,5.639590203432782,9.269686291065408,0
6.516907725691486,53.171765545890224,3,4,2.8306010594793607,5.1012438692498625,10.0,0
8.220275826054504,107.92200209549574,1,20,2.8286883337622553,3.3815024008735355,10.0,0
5.1537035253490675,111.03518226932695,0,9,1.0,6.232301767690764,7.730241615411827,0
7.341189901906194,81.07309489920024,0,18,2.7505468398797905,4.054387143929417,9.82991072743849,0
8.960714131423643,131.2712043993486,2,3,5.803580860056024,1.481431842372515,10.0,1
4.588775148158159,85.4983323890242,0,18,1.0,7.33090271210061,8.969209771774352,0
7.276950787798456,93.76729360414626,3,10,3.8585424717904804,4.669272470340959,9.900666688511832,0
7.389824191372635,84.80784527148391,4,1,3.8148852678450904,3.614331422389709,10.0,0
8.172734307665966,90.46737142744402,4,9,3.9017411628019416,4.340979727921185,10.0,0
5.144573933682877,57.11174739314394,4,10,1.4591473528969625,4.679792423916483,7.662956051518576,0
5.019315080373586,46.79847352217117,1,19,1.0,6.888568471582836,6.546669040183064,0
7.782912348425347,137.83515189674915,0,15,2.4793105743595847,4.66883384878239,10.0,0
7.445477009849779,64.59115955045016,3,18,4.907188188422374,3.294489726112883,10.0,0
7.375739275518815,60.258229516310784,1,22,3.878943782447113,3.6086909143847197,10.0,0
7.519672314245463,25.398296591888553,2,23,3.198399741151631,2.7963678631417377,10.0,0
5.979962917632264,70.83114756931494,3,10,2.890250702533672,6.420839104940702,7.4209838513949204,0
7.348380545741505,50.30730619777505,3,13,4.977253847529251,2.4133954300837326,10.0,1
7.439608709948022,139.26045480409107,3,1,3.9866401487744243,4.118879630973565,10.0,0
5.928472872960448,120.29451268027903,4,22,2.6286790401352844,7.112738563783349,9.367877055936054,0
9.798661766717135,69.35548964466828,3,4,4.751057587295552,1.0,10.0,1
7.710749381367681,157.57307416032927,0,4,2.366158119759869,5.816001598636065,10.0,0
5.2130447541960265,119.45296460974782,3,18,1.0,8.477273972308481,6.72740349857595,0
7.984830412950744,80.25505849474132,4,20,3.0052038996639827,2.9509588683533106,10.0,0
5.5379774946590175,20.0,3,11,2.714254161574445,5.476718165249621,9.220737863374111,0
8.180626905613678,158.72827717772225,2,17,3.491497932600603,3.3111520993418333,10.0,0
8.737893368511106,48.31282599709212,2,3,4.566306373900675,2.8220536961749056,10.0,0
5.7689765224724345,40.63803759129325,4,21,4.828519646909787,5.107748090035887,9.227536004602653,0
8.445064193866482,120.67711296028921,0,16,2.2102984204828324,4.039259304298553,10.0,0
7.619171390404747,163.19257219017817,0,9,2.176009816256433,4.455132740729494,10.0,0
8.233090239991736,131.52818455531553,1,19,3.429853506023858,2.2979627536963507,10.0,0
9.845189473980922,106.91727360157078,4,5,4.066074637572317,2.440017150794763,10.0,0
6.631917825995695,107.84263024995857,3,13,3.952515593778211,3.102056192357494,10.0,0
5.869395753463765,115.60246676340924,4,10,4.289476050636399,5.739961533683854,10.0,0
5.665728355561715,112.76785769360296,1,10,1.0,7.154917805751638,9.204671447157704,0
5.776284572551843,98.43574271908128,4,17,3.0880844936414773,6.056208875305881,8.42174558201573,0
6.884347435878844,93.12603311855628,4,22,1.1913153283079008,6.616095760886907,9.300151946152374,0
7.511727962224966,88.12220616301433,1,21,2.4520874657849276,4.982084626407046,10.0,0
7.415036198995028,67.38106233399971,0,17,3.224273911370258,3.0540831182460573,10.0,0
8.240774873554036,81.57974769399678,3,23,6.044446793455136,3.1462009678640155,10.0,1
7.0195028378168605,39.21129557413843,1,22,3.459834155650446,3.586648052541011,10.0,0
9.180301115735976,87.0498111961575,2,10,2.7085904892285564,1.0,10.0,1
6.603014750143066,60.342266785472475,0,20,1.415053891934993,3.4622907797971223,10.0,0
10.0,56.89232048352687,2,11,5.044388518068257,1.0,10.0,1
7.938501021647509,95.39682453460435,0,4,4.649691220245243,1.6152255510732934,10.0,1
5.714263665375576,131.760068590338,3,22,2.3398070609320873,6.529230946048367,8.230487620717284,0
5.393661252908331,117.54949818006939,3,8,2.4085726488937125,6.316425205439784,8.518808571737734,0
7.723708622864778,42.88498189130469,4,8,6.6920507882631615,1.3181471740120594,10.0,1
6.664805822011224,60.31115590288987,2,21,2.6632330654015917,4.7445929749809395,9.40339732494813,0
8.071000741138137,118.22313563964647,0,9,3.6547303982092316,4.61525759754693,10.0,0
7.709856436860317,60.52537819385071,3,21,2.6558601162332467,3.525934345235417,10.0,0
6.890756631014691,83.26100550008925,1,18,1.5520724606041185,4.172858618777826,8.207400852107225,0
5.729809422897393,106.50156297073656,3,0,1.0,6.636658778366737,9.052882249134788,0
4.727729162971203,60.94966635409094,1,6,1.0,6.968318970073671,6.111872519739998,0
6.330227571899468,93.16126518437879,0,3,1.60226020908351,5.5298637508932,8.342008954643457,0
8.284598191485209,49.97923515245387,3,0,5.157993317469969,1.7237768106209277,10.0,1
7.321140616195306,71.9589706814636,3,14,3.6540187995586835,4.154776327340268,9.187818426425068,0
5.131391831932018,99.59345802427612,0,7,1.0,7.72397978596473,6.341640244785738,0
7.259771388776773,42.210187994049924,3,11,4.430217454601687,2.847102685845662,10.0,1
7.577976069593255,103.21424213881197,1,21,1.0,6.240200638519376,10.0,0
5.674213845698301,89.41086603219956,3,21,3.8417787730098527,5.290336320852974,7.985441092652247,0
7.230587658918292,106.57469863251444,2,17,3.109899199008117,4.578064331630418,10.0,0
7.087313077669,96.71742402193985,4,14,3.847859110207045,3.8521583933569947,10.0,0
5.2855445532540655,130.92421289921532,1,16,2.634298694433925,7.119796497653118,8.059382016096947,0
7.536681040522425,93.75673507943722,2,13,3.131747208919478,2.283709518166254,10.0,0
7.841176789552351,77.11783376624241,0,13,2.458121983653236,2.8980786410683006,10.0,0
8.624576864762915,93.66892509096851,1,17,3.153769650266343,1.84445068640466,10.0,0
8.580703078052355,106.29894087109165,4,19,4.447285101653628,3.3262842843581293,10.0,1
4.933495948064364,91.46580210977113,4,17,1.151385651548998,7.585381462607396,5.71758522797386,0
5.593262440127316,91.21775073611647,0,15,1.4893329966140723,6.5730395925891765,7.365865069304595,0
7.77255290081299,68.94024936579734,0,0,6.940277728505748,1.0047918944247405,10.0,1
7.770678926368313,70.11297247347156,1,22,1.0,5.439940267784094,10.0,0
7.772571529459071,47.921841846009194,3,10,5.020433806199606,3.32140577526195,10.0,1
10.0,142.48730229560817,0,14,3.328596060668887,1.5982892311004693,10.0,0
7.85633576603975,52.68410293826145,3,11,3.8664269605481363,3.1788605352555477,10.0,1
8.703348460270899,69.21284406612278,2,7,3.698962886192177,2.62638876333384,10.0,0
8.431002645239804,68.44778203292408,4,21,4.245893053739334,2.042945005024033,10.0,0
7.977086876958697,116.84773130833324,3,19,5.527715605366768,4.168291978855599,10.0,0
6.527096133039482,81.15150965123917,4,5,5.084609598765426,4.217956740194197,10.0,0
8.138453830739902,127.432262180212,3,2,4.065999686127224,3.581055212906942,10.0,0
5.840762178193643,69.79528127268395,2,23,3.8363424767139014,4.636213373929339,7.9449260227485,0
6.644772089889987,98.36982486671405,0,12,1.7347501378858396,3.5620537014822613,10.0,0
6.2719546782563445,64.93958840220728,2,12,2.0703462678633855,4.956208265329161,10.0,0
7.122811209079484,154.35447383320167,0,1,1.0,6.035062791323548,10.0,0
10.0,54.372047429114616,0,4,3.5509115471550174,1.4210843865616158,10.0,0
4.199102211112378,99.29462130681082,4,16,1.0,8.27573339663637,5.495828872717724,0
8.029390285561771,109.01330642796296,2,5,3.6947455438714654,4.111838364919146,10.0,0
4.5809261932155225,102.41397292354495,3,1,1.468524701146128,6.593247857293323,6.795723685497454,0
6.29210220131585,84.44137023366875,2,3,1.5255048013510952,5.954917833676484,10.0,0
8.63342589545105,86.10537900799721,4,21,6.138478326651244,1.4441462148403026,10.0,1
7.096420028643194,91.31434415937329,0,10,3.525320641107535,3.524814324833881,10.0,0
5.38338283310604,85.58993995114534,4,7,4.3982817227599345,5.078916094656471,9.56418735798735,0
5.927044436110048,118.9163735038473,1,11,1.0,7.134951181426717,10.0,0
8.019396623402013,156.31569004774053,1,7,2.8789772020251587,5.528653391533738,10.0,0
5.904450052424295,73.27524644976499,3,10,1.820392487414864,5.804109292116783,9.348104531356642,0
7.324687884372962,48.905910612627665,4,21,3.8147208489868274,4.562340491049296,10.0,0
7.06835775985572,87.35153854946236,3,19,4.739905730048843,3.508218433556664,10.0,0
6.022599478591275,167.39128012962954,3,7,2.054309556775538,7.115850310096865,8.935054016647605,0
10.0,65.88976296090807,1,7,3.8288274770176534,1.0,10.0,1
7.950878533477017,139.17350416332204,3,16,3.053172543885958,5.215561973129931,9.394071714995839,0
3.962286120013589,140.3310244222932,1,19,1.0,8.261340054472434,6.625498670083015,0
7.279681472154142,73.39235274876016,0,19,4.482193612636383,3.55858151858178,10.0,0
6.007320302847418,107.06949237555827,4,22,2.5048385492091683,6.31807975530621,8.788505557492861,0
8.278650002194336,138.85189869385613,3,15,4.591023291318006,4.911717476561165,10.0,0
5.811218892350949,78.62616777037539,1,13,1.599979429947238,4.830872042308506,8.04189431973587,0
6.827895337799651,83.89258919692915,2,10,2.9124700321021595,4.509238810796792,9.838767017634446,0
7.757480918470685,72.54957258154069,3,6,3.9366861083916818,2.39323799091334,10.0,0
8.298632791255182,59.55729807921399,0,15,5.277649604762361,1.0,10.0,1
5.199555389416336,70.52167364801979,0,12,1.0,6.17626546946439,7.249217801187965,0
6.498248146238577,53.2817919971323,2,14,3.867688026400939,4.998687076634927,9.600346795927015,0
6.287582033258566,91.02250404777678,1,23,2.417528651521678,5.491526509957772,10.0,0
6.020006151139432,66.90080306824075,3,15,2.0617616840147233,3.1454455155768795,9.237811734062461,0
9.648181360421646,97.01357735372243,1,20,3.7591624748755574,1.6178621653972536,10.0,0
7.607472566441434,43.32313061389118,0,22,3.2764813502575145,1.0,10.0,0
5.108674068497432,99.92640696643372,1,23,1.0,7.926467155263982,7.055656669533937,0
8.376792920582163,115.00586884826774,0,8,2.444672576922932,2.453916978104213,10.0,0
10.0,30.187930722856336,1,2,5.421934349702094,1.7585357881741688,10.0,1
8.54869789082672,101.22169709542716,2,18,3.537838467549731,4.084200037781212,10.0,0
4.72094505106898,126.83006977419876,4,19,1.0,6.492299092631605,5.305405822555067,0
6.273648890700623,53.710769439263835,2,4,4.681357980182292,3.4887456486860287,10.0,0
8.900366723779934,140.1771716051311,2,9,4.582133820981989,3.786289686025256,10.0,0
5.938495801571829,102.57057028098136,4,16,3.8673234809224946,4.926689665928123,10.0,0
7.665729142219343,68.84964432724773,4,14,3.7656010572026855,3.5842495720596603,10.0,0
8.161951080144005,88.32692767026882,3,22,2.7006725755655516,2.8273367902202233,10.0,0
5.609604292632875,106.74980737565167,3,7,2.5432331272474262,4.3884007491623525,8.88095175039944,0
6.9107119659073,92.28016174237234,2,14,3.7164581299410187,2.396822710674447,10.0,0
3.0,106.16267977339108,2,20,1.0,8.996062244717782,5.0222506360177785,0
5.463418537998566,62.37979220761901,0,13,1.4896519907949317,5.014686919131126,8.097212560554945,0
6.62114777291026,95.08082472108234,0,19,3.6068197607703616,4.410442822193646,10.0,0
5.128325227052725,47.588565092850594,3,6,1.87487811441387,6.36068136358857,8.58152496285898,0
9.448616955897453,86.66321815953899,3,20,4.286396523257672,3.169212290060641,10.0,0
4.85478793305905,62.8827707560563,0,22,1.6090315389297905,5.920713524846745,6.00587748305024,0
6.339933269954525,67.934101722307,0,11,2.445493131211775,4.451703051840731,8.22159228746825,0
7.196110865929137,127.08279525631312,1,16,2.647521638874405,5.422078754789966,10.0,0
9.161909933599173,122.73930361782807,1,16,3.678200723206042,1.5268095569983864,10.0,0
4.846206773230841,108.27414362721531,0,9,1.0,7.181515341970445,6.655187594837946,0
8.74474562823244,57.23061705982263,1,18,3.1542244390139405,2.760983961253424,10.0,0
7.015349591529381,80.50774650915594,4,13,3.3879634223702415,5.0066763920408475,10.0,0
5.527737023428074,126.3929309993755,3,10,3.87103642396898,4.6420591240590525,8.98700800969241,0
7.693155211394906,94.25150740919715,3,1,4.117400847097299,3.116347975616106,10.0,0
7.298589543360205,159.5798861994508,0,17,1.3251691870977285,4.482811973807176,10.0,0
6.099674684261808,101.79953518183116,2,6,3.9223618059525855,5.6968711898445905,8.344545545540152,0
7.1047031274850285,95.76147349470095,0,11,3.011933875284971,4.972066010527971,10.0,0
6.42202960470736,80.72650607392495,1,1,1.0,6.42012257063737,9.219428741431397,0
7.170276017876872,94.00622714346846,2,19,3.2841854006224693,3.9015289541461957,10.0,0
7.99319601178157,85.42590490858369,1,17,3.952934737778894,2.932996571718945,10.0,0
9.379025224218028,111.24326030065771,4,5,6.083900772426512,3.624701133005015,10.0,0
5.143276751759727,118.70106950383752,1,23,1.0,7.13165134516787,7.15430749079228,0
10.0,66.42031618476152,4,9,6.004776953033142,2.374656780933999,10.0,0
4.071868300716247,50.063011393266656,4,19,3.6924996699102577,7.051243225514701,8.160774475576034,0
6.772322357446625,34.913838806901104,1,14,3.493982897320377,2.652458337288456,10.0,0
7.882475809726865,105.23973980737631,1,4,3.6563306488678715,2.5383914989516008,10.0,0
7.421487801602549,56.899001814783794,4,19,4.183900754742982,1.9753166462515857,10.0,0
6.065950720269109,25.41328221142551,2,2,2.267601457552746,5.019655818013122,7.927271733086103,0
6.687816624464087,101.65735813592892,4,4,3.3465243648486114,6.195069500888402,10.0,0
6.2604985980117505,164.78998552298373,3,7,2.676204725502681,8.335363302091025,10.0,0
6.115952864583683,89.8178726538032,4,7,4.166455269947616,6.224117011969611,9.33062302512205,0
8.274403145531537,115.15472323354925,2,7,2.5449825302414806,4.807680819229271,10.0,0
7.535523228947571,92.45488075642695,3,11,2.2543419528502375,3.4253751176725267,10.0,0
5.960635607109019,87.03331040426572,0,23,1.75735667211605,4.333503749551553,7.604227971787598,0
8.349399813149876,117.57229448963305,0,22,3.1175427773652387,4.460217760761561,10.0,0
7.460949281314914,81.29176367434046,2,7,3.8538074625718424,4.311594198830161,10.0,0
8.21929317825844,98.02176942215709,4,10,4.137848579836404,3.521847353118405,10.0,0
7.944443262885418,99.6509341858804,1,13,3.451071470706101,4.103777120845579,10.0,0
5.7565074836168915,69.95728639070853,2,7,3.8608815788667474,5.732632772019789,8.543361667916221,0
6.159728439704546,119.76127048609568,3,23,2.6138431768876256,7.120109594917277,9.158714161691359,0
8.120940407684893,84.75120729913775,3,9,3.4095014311527123,4.586565298784359,10.0,0
7.915555398150198,67.32764521521466,0,6,2.7750597490757976,3.7507923744437273,10.0,0
6.968647609053778,106.09529530711211,3,16,2.986310216073853,5.645410185294352,9.73595526445273,0
7.175991074963173,63.04596054626889,2,3,5.010752938755705,4.388837486566084,9.479402346744791,0
8.916497343682638,90.84543472107384,3,12,4.559311773549966,2.136423502967307,10.0,1
6.112642916746255,89.7264301006739,2,3,1.3570313678453285,6.139362259844782,7.0633174332790585,0
7.820646071755057,122.57686697494734,1,4,3.2779742155599503,2.8278066423014705,10.0,0
6.6967110213491585,104.24094698639858,0,21,3.3137016751992885,6.094529647386701,10.0,0
6.67347819515917,89.24919123764569,3,3,5.968564149216368,3.619485385702223,9.708036705756134,1
8.648165277980786,114.53298897600861,2,17,4.250227956145723,3.5465211584140905,10.0,0
8.238124523482044,131.7062264705194,4,5,4.599022031843512,3.1118252926004537,10.0,0
8.220264454000958,106.73430919055586,0,23,3.036189929639288,4.1120296822494,10.0,0
8.958218210731493,90.31057859530142,1,23,1.6094447999250008,2.5130328732622886,10.0,0
7.031505762449139,50.644913029495214,2,22,5.289206422234853,2.217820163212449,10.0,1
8.022929456942446,58.04659010773882,1,21,3.894592445288042,3.3652133425383464,10.0,0
6.534599865109816,80.84325886935997,1,1,3.764917718744136,4.234867005880139,10.0,0
7.486249528732663,71.71463393522151,3,22,3.113432589731797,4.5901410910010645,10.0,0
6.804785418448473,84.39086091043661,3,10,2.697807882842807,4.603054618793211,8.609578958077277,0
7.1454939474890775,91.69949774691321,2,13,2.972009270868111,4.778252000347514,10.0,0
7.89273553815537,105.89078263070192,4,4,5.702836955034252,2.9145418840077832,10.0,0
5.7726689751497915,87.88503665822726,2,5,2.4647916044894975,5.1027494043933,9.155202650088004,0
10.0,104.59504931478605,4,9,7.420165283402371,1.2846121858120163,10.0,1
5.4909739277504475,91.9342324443036,1,7,2.0392089070689248,6.897965759897168,8.747960466987534,0
5.1787170808184015,30.736003009383865,0,13,1.0,7.010926723810152,9.703229661287832,0
8.737166310250101,61.81993818543737,2,23,4.67018954969086,1.4879942410976452,10.0,1
8.187494040944404,85.67737332835154,2,2,2.9358095030747586,4.3173103258524685,10.0,0
7.936179725578233,53.709157714766775,4,11,3.426587004464086,1.0,10.0,0
7.94251826389642,107.99786189988613,1,15,5.474175387110412,2.6632567000093927,10.0,0
6.981629840729628,135.92252497031092,1,22,3.8200806112834558,4.3249671192554455,10.0,0
5.654118442771253,126.5628555509195,4,16,3.1971617243776964,5.1027537936366825,7.853864218205577,0
7.113706837290589,83.59671387209376,1,0,4.108354612410034,2.6959833374567266,10.0,0
5.984257432731832,134.72178410549856,3,22,1.0,6.674104547830941,9.027584050978835,0
8.462679600126627,94.46002371606335,0,9,3.0424815424257248,2.8975864307465673,10.0,0
6.779413927746792,79.88742086645883,2,22,3.6012376500441414,4.931448484299298,8.796655343736088,0
5.761754204811233,71.5979200937718,0,9,1.0,6.12201714953981,8.965605810834518,0
6.51792123752051,80.92590940535615,2,20,1.0,5.0964609124079585,9.715877884425382,0
7.6193971814134365,78.35469544376313,3,23,3.6740006398866676,4.3442775854663225,10.0,0
6.154413170794038,95.11248667126463,1,1,2.0457054869502835,5.361262654151436,8.698019449751891,0
5.766669406650353,94.81721943149594,4,8,4.104269044476477,4.626624195568835,9.870825408788578,0
7.365530817237868,90.09138060460243,3,21,4.250691492035341,5.193806373659635,10.0,0
7.367449856663084,103.1081450923905,0,12,3.789149157084988,3.7619070954289637,10.0,0
6.239585236943306,125.71938824359023,4,15,2.8775192098836606,4.9201416016874395,7.611741345586697,0
6.2934425415725155,118.48662406323972,1,17,3.836676252862909,5.503416650343749,9.874933876915664,0
7.348074906036454,45.453060946502895,3,18,3.2308539398548435,2.496665190442081,10.0,0
4.8278734877540135,20.0,4,11,2.8258299442198376,5.088029463589887,6.4462531636901375,0
4.888804338435167,118.02959733717822,3,7,2.042942779470722,7.422409538747935,7.757600445513763,0
5.922333668121346,48.993639047537364,3,16,2.4000980949944744,5.2425687219170705,10.0,0
6.6798292724322295,83.2570379432195,1,14,1.0,3.8099579601958,7.80292506929428,0
7.466361348397007,54.89660921821921,2,9,3.486718469880507,2.960876765624568,10.0,0
9.213034325424328,35.94058687259941,4,14,4.4345332170203475,2.460308460555906,10.0,0
8.286489434803029,106.24388184614364,1,14,4.107016371868629,3.9806420470333066,10.0,0
6.7600922050548595,112.77465480907941,3,22,2.0317255345006373,7.194550414445006,10.0,0
6.971475688145967,72.70468797819842,1,6,1.9708593571120354,5.420397285232202,9.875431498826897,0
5.496205953043287,20.0,2,12,1.0643458996767587,5.981420448849986,7.0704289651559575,0
6.972230296011415,73.61266655242551,4,16,5.926545207216844,2.866778929406542,10.0,0
6.567012041619792,101.75412016207639,2,8,2.916762848750736,5.892750312714904,10.0,0
7.484077840507134,45.63265293677614,0,7,3.0765135589342822,3.223359573408891,9.394434513554675,0
5.759153584671516,95.50079759337467,4,19,2.452750913333073,5.281544571679812,7.58742046536793,0
7.779019771361758,89.54070452481014,2,20,5.0410550614101135,3.8813406445842724,10.0,0
9.299108369503866,107.37874498803265,3,17,3.4185995574733843,3.435748914908162,10.0,0
6.8368597773147135,93.5874110524246,4,12,5.114045454940058,5.223761997896575,10.0,0
7.602567583148412,60.807931773553335,4,15,5.194833534982159,2.5324241450687506,10.0,1
8.03521598756667,125.89714504993475,1,8,2.797711997114924,4.805528676858197,10.0,0
6.398169292171246,85.2441128091909,3,11,6.362762103541256,4.384978379239306,10.0,1
7.336138722715625,89.18086381470205,0,11,1.9003341135549185,4.366892126493695,10.0,0
7.0188886011726925,62.00196122780412,2,5,3.4131553720256935,3.711127351813575,9.71593055282162,0
7.146514147823248,76.70153246425468,1,18,2.246705596017002,3.9129784748453713,10.0,0
5.8404853242168,63.45591857919297,2,6,3.247783677054941,5.983356293810259,8.60036790528037,0
7.036765261388414,84.81161820229731,0,2,5.07185634411043,3.336567988833977,10.0,0
7.746997436868175,141.35125440427032,0,15,3.577131182398432,6.55405187747993,10.0,0
9.176715411692562,48.84296571205931,4,17,6.86113886743914,1.0,10.0,1
8.43890623912781,41.593158063697764,0,15,4.001077520520124,1.656645378678962,10.0,0
10.0,134.13510982480824,2,22,3.745323168285374,2.605797053688545,10.0,0
5.848978655667926,83.72028968544402,3,6,1.0407931881020631,6.130673672191451,9.086600123515044,0
8.308480955081016,69.92781784020251,3,3,6.600178027040856,2.7565069550173202,10.0,0
7.2750130086075275,121.1971406218823,4,7,4.389968156573272,4.687548632088968,10.0,0
10.0,71.83153380789408,2,12,4.225507722920529,1.6077423154591843,10.0,1
5.787552571967273,144.78029140640808,2,12,3.210454434315091,6.3943828073485145,8.645503279244446,0
5.740417236728836,110.33777614017808,0,16,1.0,7.491726956875704,8.07917130373404,0
6.1009110318339665,75.36265775562892,2,16,2.149373784900077,5.9944823783247845,7.583507122385494,0
3.8141564135352897,154.7192463979651,1,4,1.0,9.637322044103096,6.067944597907855,0
6.211367467478858,71.82855230989985,0,5,3.7914012931210124,4.019618347649056,10.0,0
5.861301007669454,112.26286116027921,1,18,1.0,5.930358253929497,6.951873766998427,0
7.225590679714312,98.97877741219476,4,12,2.769706986140835,4.12358966176823,10.0,0
7.512633963665739,129.05223868196396,3,13,4.09234812159248,3.632635305344195,10.0,0
9.814256258823828,136.84533590180558,4,21,5.662047612808531,2.8266635234853648,10.0,1
8.425635757279075,90.960124471973,3,3,4.546494955449841,2.552720559473992,10.0,1
6.134644516506396,67.3974638896145,4,6,3.4442119630122896,5.64405037817075,7.90275041131377,0
5.652377992977463,103.7991642881735,2,7,1.5611835599961092,5.007416515597764,8.711353732406359,0
7.737878757259758,69.66853890743681,1,12,2.9845890754229543,5.1423041707060095,10.0,0
5.019650189469036,150.4016174257987,3,5,1.0,6.590710775702213,5.339553579225001,0
9.74718814878153,94.09605993248212,0,5,4.617174565412326,2.040381853960274,10.0,1
8.769160181081931,79.04035346063674,1,23,3.732008375933173,3.3400383536500824,10.0,0
6.296236521842943,95.54040917594725,0,20,3.229428245202109,4.725463200889399,9.496015759615494,0
4.430298206363684,49.58621131410911,1,2,1.7602411370646827,7.248607292304418,6.874521997751229,0
9.030808561248119,60.85157884468045,1,2,5.388779978972453,1.0,10.0,1
6.828190232121073,126.01241723833276,4,12,3.363423275085722,6.7241344210337,10.0,0
8.856724467960193,70.29317163085813,3,21,3.735886106377787,2.3289776575198675,10.0,1
4.608358511808449,58.59267051954181,3,1,1.7007229354680236,5.771774588881701,6.615055566838823,0
6.1009374655693405,106.09958257581859,1,15,2.265961467424691,5.368207138266868,10.0,0
7.007865549577275,125.57112463988992,2,21,2.4798033089706966,5.893905797146942,10.0,0
7.070470890647113,111.568599319952,2,5,3.1717503290492495,4.204550472834982,10.0,0
6.324901792781135,119.88143057417449,0,7,1.0,4.923764360698996,8.21729160045967,0
7.934274898521248,67.29614734291619,0,22,1.6320245358788428,2.965790959610284,10.0,0
5.398569355926108,47.34567999774469,4,7,2.321562297370573,4.213563197933001,7.265899116394712,0
6.7864307724680595,135.0400095586646,1,5,1.9000158182348081,7.284779961451499,9.541363432173595,0
7.180443447567848,80.31960483473593,0,13,1.9250068932560052,3.5918220417963607,9.955289543035652,0
7.771658251088123,82.47500950634858,0,2,2.9669487273712263,4.434542026864757,10.0,0
8.067422317133335,129.84582425547174,1,9,5.044991075150472,4.306144837438966,10.0,0
5.313036862243196,106.68690028201979,4,2,4.325663095198705,5.480544091975165,9.300894355353197,0
4.698828743896566,103.67663316244823,0,11,2.97299386773432,7.023160432931508,8.96861061798911,0
8.916515232847765,154.95007034703252,4,16,4.294632154877208,4.449988718913525,10.0,0
7.498471017969387,70.69445308859571,3,4,5.435258233322767,3.4915085317542345,10.0,1
5.87727019516517,117.83520384243711,4,19,1.0,7.279762814726477,7.522397667543658,0
9.326727963283783,91.71039374691253,2,8,3.3606408237096583,3.2232939919466226,10.0,0
7.173511951439288,98.05776836589772,2,20,1.0,5.37969904265067,9.842140943742358,0
8.76894577609574,135.85405279237597,4,19,5.719045965466034,3.03563166483753,10.0,0
7.101277722115164,105.23507268868872,2,6,5.360421320891659,3.572797708248161,10.0,0
10.0,106.14888237148898,3,21,4.5307689730829575,1.1555604341620218,10.0,0
9.633011263664807,122.17522011929407,1,3,3.5990042216090585,2.5994833456568145,10.0,0
6.62655377728139,79.05141811371344,2,12,2.4879305306715183,5.236756571479523,10.0,0
8.457356426431533,64.8237099798298,2,12,5.366574518211391,1.0,10.0,1
7.968063924377722,58.65572417936899,4,9,5.928846153905339,3.001418277000011,10.0,0
9.052947336298523,31.009302318719946,3,17,3.405078247321894,1.6219635943366608,10.0,1
5.552614809129843,151.68621389820967,1,16,1.202411705672179,6.697944499524766,7.355543375667731,0
8.02907718999766,56.90374902834951,4,19,4.049412078390072,4.210592466157378,10.0,0
8.587636730274381,83.36239129242684,4,19,4.746113141451826,3.2235165321836035,10.0,0
4.361890770365329,81.69560100333238,3,12,1.0,8.309894487771109,6.315359895594586,0
5.225112231001337,99.22220093427302,1,16,1.0,6.212630597552981,7.013732859530007,0
3.941151733359849,114.4721163761789,3,21,1.0,8.904194365416725,5.192618148590587,0
6.595889748333163,115.81420465079236,1,3,1.9123121274596948,6.969413390374229,10.0,0
8.076313383693943,72.50767684293184,3,0,4.851087407127475,4.443841346294248,10.0,0
9.253535578144042,84.98634858640766,4,0,5.90716734289253,1.070761971534019,10.0,1
7.1111421706296625,98.477398514649,4,14,4.3196437889981585,4.276471727072106,9.87581387427694,0
9.442923318356938,82.5392662144936,0,12,2.8188908262854744,1.5875664131014926,10.0,0
4.929847812677663,138.2203672805998,2,16,1.0,7.863079510408662,8.476756528266437,0
4.4449263409672675,104.72924854914754,3,23,1.0,7.986914689866391,5.317813299899369,0
6.916678451655072,112.04633358149452,0,7,2.999363642369968,4.111867767344101,9.959803909577335,0
7.576098173408961,109.88643806002239,2,17,4.163970952785724,4.323180974841683,10.0,0
6.95095787785886,125.20421572455975,3,12,6.0028237270880345,3.115851718727666,10.0,1
3.898836849940185,95.4306467611112,1,22,1.0,9.133618935213558,5.669161989894121,0
6.8663199407308175,51.09504156132461,2,13,4.133685594649501,3.4728898446145657,10.0,1
5.04329574924272,101.99063855257924,4,7,1.792976857878715,6.712412166478098,8.257799379681892,0
8.004508823245057,70.45929318624513,0,7,1.067520886974898,2.8601630158709668,10.0,0
7.549897369145272,74.1414995475073,2,14,3.2517479997048175,4.831821864993264,10.0,0
5.590180320508967,107.5909205626528,2,12,2.6197106947364874,3.3654952474712005,8.101115382834653,0
6.22919962399496,127.14849214300907,4,6,3.8172052594936323,5.8733315693959485,10.0,0
5.411179717166572,90.63814730208185,3,4,2.552221071532067,5.993637313703761,9.01141676332373,0
6.905981354090242,99.26499037796891,1,16,2.423868423283435,4.294798764617557,8.986112579654298,0
8.432713480751858,141.06644833905713,4,15,1.6925313601486978,5.644620537201394,10.0,0
5.5214109304966845,97.22259538465705,1,22,1.0,5.211636200391829,6.303891146370216,0
7.756069773276766,168.05049342541184,3,1,3.4898555449628814,5.816567961049092,10.0,0
6.204613572441339,106.96528936894633,2,21,4.585599050937334,5.934394039080516,10.0,0
5.810690751606484,37.17711722532547,1,17,1.5344437486998792,6.0704471213511235,7.76814341014074,0
6.839454460068163,112.60024863313598,0,16,2.916895327486363,4.3700272657065975,9.424858644610664,0
5.447136516370939,101.43475154648334,0,6,2.877540085750485,5.51047377694669,8.934734556129268,0
6.169526041979227,128.69258262248238,4,12,1.0,7.071420242539544,7.711487547759194,0
5.203183161116727,110.19544053809875,3,17,1.6620142349141276,7.058728822848362,7.172019711790052,0
9.947087699374585,85.84632048048678,4,13,4.7733554920662185,1.0,10.0,0
7.052895327957593,53.271052911319025,4,17,5.541522618469659,3.2956505394344537,9.945057144246986,1
5.950411738011121,83.72930228141924,4,12,3.0845454687056195,5.831459287193927,8.689647619805712,0
7.320969866101333,64.484386373721,0,10,3.246890208066127,4.591534128340606,10.0,0
6.831507925463756,72.58429650585832,0,20,2.4958538689855123,3.6989996964409277,10.0,0
6.668545600700165,107.65735213261829,4,20,5.663579474491444,2.2114876116931983,10.0,0
7.9212500500651375,140.0971351305422,0,15,4.642952315656835,4.936925387847599,10.0,0
8.136261565070958,101.84014589468943,3,22,3.616319747630873,2.3407535098965564,10.0,0
6.204248278584209,54.12350813894447,4,16,4.198960610533958,2.6804713922757877,9.182639737776556,0
6.13627263903298,103.33808004660422,0,7,3.6167733835465254,2.753702770092949,9.662214568475255,0
6.587422454272534,125.89894459936954,1,18,2.8288942317774497,6.324874149248033,9.384201656290823,0
3.547118252896623,71.70651287041854,4,19,1.0,7.776607745348652,5.138108404965393,0
4.727213406702171,85.97948499981247,4,14,1.0,6.480121629249118,6.100862317501243,0
9.050311401166788,90.4406458418759,3,8,5.419297851026877,3.8460570591605725,10.0,0
9.467451570251924,66.4530506075328,2,19,5.228026368400355,2.2774239562300282,10.0,0
6.626445940665432,109.44841301531577,2,9,1.0,6.813994318978414,8.825622460836154,0
7.864835444583649,86.37155554176655,3,11,4.131744019503036,2.1819550089454633,10.0,0
7.466875231815304,102.58597331721083,3,20,5.442893038662924,4.208340366184247,10.0,0
10.0,63.375234665937,3,22,6.736545636238075,1.0,10.0,1
8.679362367151866,76.87625099029769,2,19,5.3333753923789,2.372526150830962,10.0,1
6.80812361277885,111.67144073483314,3,0,3.4298689453100164,4.804451212368359,10.0,0
5.566689339099361,78.815005437247,0,19,1.7212834356359081,6.373507722117826,8.900831580922704,0
4.590330519613641,141.80891553700215,4,8,1.1340264885185767,7.81871528714496,7.330269587252056,0
7.305195453800835,78.01091443156193,4,21,5.220845965161585,4.61839359167178,10.0,0
5.865473882073545,96.74054177255658,1,14,1.0,6.450308613941292,8.947574305381506,0
4.866619435603489,117.9777249561927,1,0,1.0,9.254604657716198,7.6640694494598955,0
6.03014067363621,47.44902801200905,4,11,4.800153976965987,4.44537980461115,9.052389477362256,0
5.3776779945784074,37.175735640576725,0,2,1.1013811329288499,4.300894898764825,5.980039333496528,0
9.530712452608848,44.23031056289716,2,10,6.250015784741812,1.4525430054225137,10.0,1
8.322459635424176,127.87752310281546,2,1,3.2996084270167874,3.0065523891498716,10.0,0
6.988041038025074,73.4442556232266,0,15,2.4132111912643235,5.717990657465239,10.0,0
9.21991620833504,166.74597857004755,2,8,2.8113809283676794,3.275965395553854,10.0,0
7.116052461471427,73.07257204027835,3,14,4.24928849275895,3.536247371325888,10.0,0
5.708073698007604,95.53653909591111,4,11,1.6750878184445679,5.412886232439796,8.874488757477978,0
9.284686115904485,136.26329857703627,4,0,3.776241070247812,3.7047862838510937,10.0,0
7.8083650655269885,150.18278664477367,0,12,1.2483630881275345,4.536934395321087,10.0,0
5.444130768510315,151.84510729909192,2,13,2.6585793983268498,6.444954199677501,8.897576405340464,0
6.714491982874588,126.25098691779428,1,7,2.7737354966821313,7.055043050045515,10.0,0
5.686572619922864,120.72187577434387,1,7,1.0,5.469288802321117,8.387712392943751,0
4.925800403553496,107.7758084760355,2,11,2.675915354174386,6.906029145080089,7.727387923251935,0
8.389266321297463,113.35083228499913,1,0,5.758690871444755,4.152220368396087,10.0,0
9.864124960705196,73.46442851014399,0,10,4.401124958369194,1.0,10.0,0
4.902148639271289,65.45403349733078,0,7,1.0,6.669012420423483,6.210203646833205,0
7.844453855035856,89.89876627767144,2,9,7.085167540432854,2.5987512407782187,10.0,1
6.024036146317259,84.89446132425215,1,18,1.0,6.2136543232542785,8.971365614443371,0
6.269311924352956,76.40315852018175,0,10,2.8872810484485285,4.041423039064431,9.47684198454495,0
6.111409113641696,110.89162342370146,0,6,1.8583174018441624,6.429553641935522,9.240310661464239,0
5.704013845480276,118.65915625711531,3,10,3.1007172592665633,7.379471825099692,8.405777779422154,0
7.072782441917241,92.65220658875542,3,16,3.817755275753008,5.332857526861488,10.0,0
5.753574825383444,134.32590243165785,0,0,1.0,6.7365068633822895,8.546644278225953,0
7.405685238669758,55.74932657599485,2,20,3.1406077013026117,3.2921692613337905,9.988981729621468,0
6.924642835826295,84.19021622160845,4,20,4.013418181287093,3.902107858199002,9.993434397769715,0
6.641577929700386,68.49533038191585,4,7,2.57633663078901,5.971045600815316,10.0,0
5.638654506937604,34.0039014878082,0,22,3.086644468100427,4.228581964358224,9.687196544703456,0
6.134843004147501,87.51957942471903,0,23,2.3320512525643644,4.286750579361154,9.805359191170085,0
8.133086838738635,86.3475747485015,0,5,1.6295736207075564,3.9714083421025537,10.0,0
7.751375781436571,135.40349229726394,2,21,4.92011589925149,3.709212286998,10.0,0
5.533667132802173,108.92435053664333,3,17,2.1892142284024674,5.331675212009088,8.56527601018124,0
7.148998458143839,59.27439527012385,0,5,2.5761603304488903,2.3953038675217933,10.0,0
8.127080685057683,145.62277699002564,0,4,2.8195093054194826,3.8170557586488933,10.0,0
4.495892078317942,126.63101086576059,1,12,1.0,7.5319097455482416,7.2771973621823625,0
7.815040288569903,107.46293110405847,2,18,1.8076833877440635,4.219100290825104,10.0,0
6.00606436158123,83.20547703450504,0,21,2.521496143693411,6.331999833293337,10.0,0
7.855898002889739,61.216822898295604,1,7,2.572274234016357,3.691280302414315,10.0,0
5.855111265186225,78.83379671786841,4,8,5.368516184834023,5.267913127225069,9.654863897852316,0
4.292676849003222,122.66245859112558,0,16,1.0,7.5535017844691525,6.123928542310724,0
4.558686343175256,146.53758917803827,0,2,1.0,8.393764278707232,6.266283472806823,0
7.072127419992073,136.29730584816568,1,18,1.511682074026394,6.472064507072591,10.0,0
7.389583752582222,75.33451734641177,2,10,3.6469949402118673,3.9923057360078404,10.0,0
5.643525062343388,56.411477001329665,0,23,2.6150217845607493,4.827535366801698,8.242566892738475,0
7.957888688166061,94.22658740733611,4,16,4.812541873042082,2.6196884342039954,10.0,1
4.50771990659656,36.94681903311445,0,20,1.901641373626023,4.662855146209788,8.21419660538102,0
6.900880302029025,99.69503142554345,4,18,3.472763995541721,5.426973227106889,9.43499953397012,0
5.183475700356315,85.57192241103994,3,1,1.0,6.820701530133908,6.938292846738192,0
6.022245838296762,76.01890494395273,3,7,2.421054798263378,5.822099435875779,8.892993698539806,0
7.071098006974621,42.15890798199614,4,18,2.5725214626057054,3.502891013039925,10.0,0
5.709379952074071,105.40800319709149,2,6,2.2603757385264087,7.454354847102538,8.039502914344055,0
6.423166683655262,74.01897481014265,0,16,3.3215221035163673,4.326364401928964,10.0,0
8.509439213821661,54.90249492869136,0,5,2.699187197325439,3.3608716055304,10.0,0
6.134662195715277,20.0,3,18,5.688817188543995,4.159928242628513,9.241440341813655,0
8.253538168097712,89.17455284848091,4,23,4.940026525018397,2.6243536146976316,10.0,1
5.305439718013573,143.16754790009233,0,5,1.0,7.673216387639061,6.642343760592851,0
7.794706266872924,139.83777643643612,0,1,3.4123877163816694,4.945559459085005,10.0,0
9.16235293098685,76.28711230241184,2,5,4.7573291621731135,2.4660716999869394,10.0,0
3.292533249809066,71.93363818914659,1,22,1.0,7.987639142066243,5.95143728435767,0
5.804657116794285,104.06322768225071,3,4,2.0450481133399023,5.891836929526396,8.548831830819108,0
7.86560819077081,60.048436824351256,3,18,3.9409058346946706,5.523571082505483,10.0,0
6.695431920935511,99.05375699458398,1,19,2.2521742501288005,6.139720674170395,10.0,0
7.556718810056963,112.98240835154071,0,3,3.1596741341590158,5.049148224120894,10.0,0
6.094022219926269,126.80799671652923,2,21,1.0,6.131243550219273,9.034696327358088,0
7.12988468120935,86.99537770560141,2,16,2.745263752209869,5.327195481147343,10.0,0
6.766484146911881,83.88978749469102,3,10,5.282652971069456,5.149673754391088,10.0,0
8.75167309248971,63.66052239730317,2,3,3.686514656512937,2.3355403669060446,10.0,0
7.381631264951819,65.1935893788042,1,12,2.7613397608423855,3.4013642327623357,9.286071432073042,0
7.506403993112803,83.20563324295419,0,19,2.75491086143068,3.799439223273745,10.0,0
6.382184550816299,101.02096520448535,1,16,2.896028326744245,2.1310724667137344,10.0,0
6.26859066389126,117.40753878699749,4,8,1.1907195589114639,5.898802488523007,9.899759586344487,0
6.351162718270569,65.90463147958965,3,3,3.7462228060328613,4.2587717262788995,10.0,0
7.591678213567445,134.78065706878564,2,22,2.7876561395076247,6.247336069195199,10.0,0
6.368523278769605,81.86629196872293,4,13,2.4868242225500246,5.015258991520864,7.236641055185531,0
7.434662285344619,89.35898116954692,2,18,4.010981908308476,2.8656906479462014,10.0,1
10.0,67.5836496255653,0,2,4.387156436245982,1.0765140062979706,10.0,0
8.306687055147538,20.0,0,13,5.5561748048840975,1.0,10.0,1
6.510964701748239,116.52136189083149,0,7,2.015118508867647,5.904465412144752,9.91151079858174,0
8.801820883245917,112.105316912773,2,23,3.309213661347573,3.3575484296397855,10.0,0
6.387886940467673,81.56017328645359,4,0,3.005178345281255,5.929288912081488,9.459773278580231,0
3.942813197233219,92.00972151674615,0,9,1.0,6.799800369684651,5.45637140966734,0
5.487870533623894,105.47817653112298,4,17,3.775011872335287,6.304107171456302,8.072443568289936,0
4.193812118461216,43.12362429340372,2,15,1.0,5.159893157668877,5.920135415291041,0
6.4727297739380365,74.12841967961116,4,7,3.046667361521545,5.464238669313531,8.361047548966889,0
7.027627568784328,113.82794038865481,2,0,3.3169609314801236,5.388375951466708,9.82676067618606,0
9.514655968412924,52.37131730492252,2,11,3.6912491991760925,1.8540043410300218,10.0,0
7.490391060646244,98.80673796499887,3,7,3.9278585992786508,4.158006936794011,10.0,0
6.6713492067867035,49.30254586129785,2,23,2.143931210444091,4.5651327816903855,10.0,0
8.244108371775233,103.99289947300579,2,15,1.4469284069171982,5.093445727750126,10.0,0
3.683297036488172,88.93075553107549,1,17,1.0,7.513787965321072,5.343442392596591,0
7.353421837162849,41.54604552283472,0,3,2.5131093194726857,3.4776574385944805,8.85306770930142,0
8.15629779083045,124.94218063371514,3,5,4.5498282372888115,2.839945587216725,10.0,0
4.782120631330238,67.96225269605853,3,11,2.763654460606954,5.482322618672406,8.602038654808924,0
8.715631064810394,65.69242688956857,3,8,3.7138027911273506,2.477056009775723,10.0,0
7.5077446112416215,96.01707591692829,1,14,2.856099364682266,5.196473534075757,10.0,0
6.377068129148798,124.45912048286147,2,15,1.7230015577333417,5.440969721313987,9.894708972433326,0
7.949172799159427,59.52534543064809,0,23,5.06975463508354,2.80699976203925,10.0,0
10.0,91.85039549543914,4,11,4.088279797987395,1.123954680419611,10.0,1
7.272799382587743,102.86449500991719,2,23,3.498592200305073,3.9068521967332206,10.0,0
7.372330879450504,110.79316821789432,1,22,1.5255270876503182,4.769193379889889,9.089573176759673,0
6.310958650689634,95.29324665831676,2,13,4.125713277796217,3.780004481770334,9.569876105342557,0
5.725233445802813,78.98916482750033,2,12,2.256394528097928,6.872192211322254,10.0,0
8.245503724816368,65.1722933805384,1,1,3.6939807557517366,2.1752788667298115,10.0,1
5.715874261136699,92.58431649139125,3,2,3.1007128966777326,6.54910116582463,8.551532412521336,0
7.107349355829089,57.83582964043179,3,23,4.7020114765624195,2.5865825407842316,10.0,1
6.283513829852325,20.0,0,21,3.2696032960733517,4.718659634027226,9.414178740829884,0
7.7184697386195875,103.09679412473004,0,9,1.8063161745572707,4.6717547712737435,10.0,0
7.500493157930422,117.11804523258586,3,8,2.1705190381164448,4.835676334618572,10.0,0
8.556309916386848,20.0,4,19,5.840541295373467,1.0,10.0,0
6.23497540171788,59.708078858701874,2,7,2.76328191802141,5.009707435525228,9.370076354510477,0
6.595187597059943,108.57462783015593,4,9,4.310693591025949,4.031333348708267,8.917415368311664,0
5.5318544263265395,151.72486409135095,2,18,2.1173347647053142,6.744130053433125,9.601289571424568,0
6.333560109885832,90.62381123026223,3,2,3.32049603050421,6.206249844907197,10.0,0
7.5659507395672785,68.15991176312596,0,23,1.4027178774261115,4.366749716888896,10.0,0
8.135482924968027,84.51310676685479,0,4,5.2914258649167465,3.288251797019986,10.0,0
5.616752013733562,131.24629257444553,4,2,2.3236971161936424,5.595879619917688,7.9275571822151365,0
8.30440888015849,70.62107462626395,0,15,4.054904691270279,3.5181967424534353,10.0,0
9.033456788207427,66.0242398004924,3,16,4.009296151979211,2.086328446165471,10.0,0
7.620152354835551,75.51769433453903,4,14,5.5586001296809595,1.3181602858430095,9.659159979165237,0
9.815193718837099,61.400141752238625,2,2,3.296179375961101,1.9907718033500628,10.0,0
5.839316201344641,93.68010947984386,0,11,1.324601069386271,5.697786122783065,6.927829423678611,0
5.133017945032874,138.7403537540868,1,8,1.0,8.381772532184979,6.4710830862835484,0
4.331919626643582,99.69237819348088,0,20,1.0,6.234349491071628,4.42229143088684,0
9.244066467233775,82.42939493621137,2,11,5.623209380342726,1.0,10.0,1
7.9815484845310865,81.24566193253368,4,14,3.2359889199287437,3.6516297393563266,10.0,0
6.916622993634317,43.10427573910029,2,1,3.134489238777138,4.093345278699327,10.0,0
7.419952939479731,116.49329331441477,1,22,4.23664117477709,2.830930321487397,10.0,0
5.311766429052435,87.66488408961594,3,17,4.03538696868921,5.170815426574558,6.795415890142012,0
10.0,84.58560259228123,0,19,2.9139745419277454,4.164977786924589,10.0,0
7.193831772962842,185.7932270353458,4,11,3.9329808024171315,5.5971113968057855,10.0,0
7.164092191907339,98.96258725097059,3,22,3.3766559438442627,5.216243238651721,10.0,0
8.088649935848037,67.44626849714447,2,3,6.363506815071423,2.384794711735987,10.0,0
7.7215138476050695,77.2092721138337,4,22,3.605412310479698,1.4750044554390023,10.0,0
7.335826036418697,124.45337127590264,3,15,3.7525210451961724,4.568138571383775,10.0,0
5.814288316832032,93.39811231613294,4,22,1.7262311319442791,5.4767423281507455,9.30759827564083,0
7.707202535703994,46.851660650479,1,15,1.567744132707439,2.6737802364689514,10.0,0
9.82303674471255,117.5768680372561,1,0,4.396764404832831,2.0219368870686596,10.0,1
9.018130069232466,69.95567743383018,0,21,3.941485740843889,2.412066159643673,10.0,0
9.389779939959094,146.19893328652637,0,1,3.069132485877695,2.8967519968958717,10.0,0
6.233176485353223,122.40144197143945,1,2,2.480741389506751,4.542841379556738,9.02415367588133,0
5.5155927696121285,76.58034313023747,4,20,5.5987861682553595,6.246931074120435,8.109053948532802,0
6.8113196198505275,128.4304908520534,1,19,3.261796503517212,3.379816805694605,10.0,0
7.083587368433042,92.0356653158221,0,16,4.059356814912556,2.3999829295464594,9.632022353067612,0
8.641287277706423,115.58321025366658,1,19,2.6556457910513953,4.024280054556254,10.0,0
4.461303055427771,104.54198451883424,1,21,1.0,7.788083625354823,5.303412029310445,0
9.29432547919092,64.6093003502738,4,20,5.056361659147627,1.725100828239607,10.0,0
6.762988152131516,70.69350503047613,3,0,3.509520897708541,3.019788426954681,8.927199535976795,0
6.35967839507887,120.89882452743484,0,19,4.286436070938372,4.947391073037635,9.698980099422434,0
5.481843437109749,79.95674003680378,4,5,3.5404424568211716,5.588022149150477,7.329977640172739,0
4.517714992201346,77.8905461027401,1,14,1.7483782469485714,5.1845668076035425,7.290186952533116,0
8.234755875942872,61.34632261951941,1,13,1.9718386514472805,2.0486541763592188,10.0,0
7.109976950782606,102.70797196780383,3,19,2.44320030847969,5.254152920190804,8.696461212735855,0
5.065058650388419,151.87574757729436,0,14,2.7656531829739803,8.89350917352237,8.252563559804319,0
5.057381841904576,57.97401257237181,0,13,1.578760549686111,5.489416948309738,8.396871408448574,0
6.4963229510648075,90.72658370018274,2,20,3.467196449632493,5.77227513158767,8.750621751762358,0
9.503532287934089,132.3666166624629,0,23,5.600720346411058,1.0,10.0,0
6.610612972954593,87.61075826262855,3,4,3.153031636977428,5.509017572536161,9.059421222022692,0
4.7452855703228405,103.57115388749202,2,5,1.0,6.176951913074546,7.215598732232596,0
6.631385403871084,58.128194155593604,2,16,1.0,4.644763448763446,8.68257969885166,0
6.590914645378494,102.84921291622946,1,10,2.7377706626605236,4.875486484985621,8.093265515533165,0
3.0,84.38567204986353,1,15,1.0,9.72684187728156,4.117182810387031,0
6.918557700223282,119.5718998703959,0,11,3.097628792609013,4.199871649276732,10.0,0
6.653598204686983,125.62158154694254,2,14,1.2957194144992055,6.067701118657224,9.58271761341587,0
8.044309547220127,167.68690926055842,1,22,2.6874201711308774,4.470964810492647,10.0,0
9.773434142418019,107.38899519640727,3,3,4.832524951108053,1.8580769661791052,10.0,1
8.689847544321637,99.77388949746499,1,17,4.120335261061986,2.7891967208102364,10.0,1
6.596666964167754,95.83152904732007,1,20,2.128852257703679,4.154852082126801,9.850107416129095,0
5.340211136887494,79.40501121567935,2,2,3.2409937456874536,5.969106750800489,8.192817735930456,0
10.0,100.15451530385073,2,21,4.026619351078249,1.606593699609024,10.0,1
7.088827651021733,81.13795769582912,4,7,2.4531859236344644,4.504711892315482,10.0,0
7.0208939378694195,95.05382928808842,3,22,3.2925775891509486,4.64784169595825,9.355167570249348,0
6.963812369334995,129.5279260682388,2,2,2.8054231762331763,5.99298094808122,10.0,0
7.297127141151782,59.803723041610766,0,7,3.111999612797417,4.623110192255766,10.0,0
6.783459382114087,124.19635683387136,3,17,5.153801916923121,4.235856576622634,10.0,0
6.139506989679646,129.51345202019596,3,9,1.9800785674250498,6.887823044581059,9.006736257454639,0
6.179711588139412,86.45794419026764,2,19,2.9328553076013284,4.0749177212551935,8.741270335546139,0
6.950870094676002,26.344353029742166,3,16,3.0785777710847917,4.076058343957436,10.0,0
6.184862843299353,71.76534038716703,2,7,2.856109392298498,5.6309649478563,7.854319339687356,0
5.930731325984254,128.90983639683327,1,22,2.2950163514668422,4.306449055633797,7.9259727285967365,0
7.159645341537845,89.31395813103353,4,10,3.7134991293988766,4.421899873842124,10.0,0
6.617534173868717,60.02093303115268,1,4,1.6295280911146226,3.914318596623512,10.0,0
9.255989482874032,74.85675236315348,2,12,6.3017465677473155,1.2328577985764844,10.0,0
3.023545287410482,115.2186007951366,2,20,1.0,10.0,3.567272172605478,0
8.637260277883692,106.40200704604138,1,22,3.361077687578325,2.482427365579578,10.0,0
8.869127788746443,82.83203702490917,0,4,4.400226027972709,1.7050292325506597,10.0,0
3.889914651387776,78.99526764555938,0,23,1.0,7.502368082709974,5.125082984848128,0
6.485968608879476,78.24725552868534,0,12,1.044169211492427,5.503742062897029,10.0,0
6.442838701006313,62.32769446504493,2,5,1.0,4.454307620734309,8.292514922245964,0
4.888732457923268,138.46127068408325,3,4,2.1962687822760474,8.585325932480705,8.941879542619276,0
5.833274968613687,80.3303859236598,2,8,2.1615006902494955,6.036540458744733,9.578142143105154,0
5.334136231801256,126.51475562476489,3,15,6.113094565991546,4.596231708880062,9.092066018305582,0
9.628405665135434,135.63948155767355,1,1,3.0123991702493673,2.102785397318784,10.0,0
8.403517589721192,119.94932694443881,4,0,3.6651995827558466,3.033795760001089,10.0,1
8.907332642491237,77.05139061845856,3,7,3.9352817991547386,2.856218154579161,10.0,0
8.082508096064853,102.11190271009828,0,18,4.502761646104828,1.0,10.0,0
5.306422343174156,89.27413180827251,2,10,1.0,8.730489562348108,8.453288362404386,0
6.21321960058034,62.88894417809615,1,11,3.5563201744960025,5.3659555639488055,10.0,0
7.734061841841877,99.73077845164809,0,11,2.0581778406645386,4.076994602936616,10.0,0
5.166808286662082,54.628806265205924,1,6,1.0,6.925239534177163,7.384706493007857,0
8.069497645258583,125.63038165384691,4,12,1.4358188810308063,6.367996101784824,10.0,0
6.639511902762798,76.06148108104821,2,7,1.0,5.49892609317641,8.56347865195171,0
6.437768788675604,96.03478967618518,2,21,2.317165360644685,6.111624135732436,10.0,0
8.066439952305238,98.49863614638426,4,8,4.088333297279278,3.705894007932215,10.0,0
7.66639496722906,82.23285078887768,2,6,3.269402752866443,3.5626267925519537,10.0,0
6.45855075127138,107.60081404425824,3,20,4.459074512352688,4.859000705461356,9.235876754995191,0
8.738994705046371,75.75289030132427,1,23,5.596543985299257,1.6974414749278242,10.0,1
5.378405008600154,116.13891892371733,0,14,1.0,5.870229540428971,8.060562527419677,0
7.923903410416395,49.620609592597546,4,1,3.619656540785813,1.5525507851172473,10.0,0
7.889651886952576,93.79138738639236,3,22,3.5815903531360638,3.5976664521356065,10.0,0
6.535680341029015,148.16786997174853,0,19,1.7441685185992033,4.249116581273741,9.07505888986318,0
7.489199533363177,59.99006026183276,0,11,2.6622776387914007,3.7015513284777466,10.0,0
5.123329635422046,69.66765088425446,4,0,2.5387745454576423,6.001467271273187,9.338611721625353,0
8.386040528810351,105.41723548976745,3,22,3.4880068415469836,3.517848694405794,10.0,0
6.722646795335517,95.38745345818793,0,21,2.557495195662564,4.34501252561429,10.0,0
6.215915469221441,100.51890297820678,0,7,1.0,8.536259950595841,7.933651278678698,0
8.573513838755334,104.67561390442991,3,4,3.9469255450113017,4.5311956264988105,10.0,0
5.943484464185861,109.0416440568531,2,14,2.654092249698426,4.629333770010301,7.817858377307725,0
4.88730805545466,123.29099525868669,0,0,1.0,7.4004099529503495,5.854037155650089,0
4.665056239714144,102.29455970785537,1,0,1.7864511580451568,6.431846945812788,6.2582129521121805,0
7.909014927018459,82.76227036144373,3,9,3.6617128560352974,2.4558765189648555,10.0,0
5.079355971255575,110.17721103608194,0,21,1.0,5.416858808221855,8.569049785553009,0
9.632191272976547,146.99645804685647,4,9,4.790803323783404,3.249966385230315,10.0,0
3.877105888174417,86.02098760852279,1,20,1.0,6.875197003564722,4.282958272371695,0
9.544684552435058,60.764120859880755,0,14,4.144393673522522,2.4358768192548252,10.0,0
7.316526200803928,123.21242007860918,1,16,1.0,5.7307963483699975,10.0,0
6.854930332194411,86.38856508139206,1,21,4.020976669462331,5.95879347104024,10.0,0
6.182621369786576,24.819913619578912,2,5,3.5531667617884444,3.378657091132302,7.430138471199118,0
7.598704171528106,115.42265031451265,1,2,1.49463237202631,4.800372277739115,10.0,0
6.943547946362727,73.94015442138232,2,12,1.906258823828062,4.921242177302612,10.0,0
8.654952823024782,87.28400153087517,3,15,6.3510782880402745,2.3256023607191723,10.0,1
7.17134147299306,99.95940991707043,2,7,2.320713563680533,3.722876734898572,8.560884388389644,0
7.225452642192816,95.71499039337199,4,14,2.6550380379003937,5.97931786347269,10.0,0
6.454581681679216,111.28355451417119,0,16,1.0,5.627640102622356,9.824921292397777,0
6.914581564418399,76.9354088829047,3,16,3.291313231052063,5.003643001008418,10.0,0
7.461702653338088,105.39317394528248,3,21,3.931860111777828,3.4727742339220256,10.0,0
4.434747411015062,82.21359967248249,4,12,2.9723160687252608,5.716194783670787,7.2346924353313975,0
4.9777218668414305,112.16431442662508,2,16,1.0,6.322233599110211,6.666642293560211,0
8.114896141034073,108.4610245203916,0,5,1.690669973925102,3.5687662135824567,10.0,0
7.256298157191913,61.93683893866214,2,16,4.759801510993561,2.7117624849684407,10.0,0
6.724024995470981,122.57946348525097,1,15,3.7744833580231005,5.309121253966152,10.0,0
7.02765089959809,73.92109664657856,2,13,2.776099117482967,2.5158621897763864,10.0,0
7.521372558042507,114.24173394843436,3,12,5.295664739020349,3.262608918628194,10.0,0
6.190360479535958,101.01861940204022,0,5,2.0925761110228875,6.164194425441588,9.71488154210567,0
5.832542911896531,145.14551030385368,2,2,2.8960782007989443,7.190339446778925,9.128454016230762,0
7.293767882646522,83.29602052884444,0,13,3.1710772924072943,3.7026223607806856,10.0,0
5.532440833577452,79.52049611645407,0,13,1.0,4.775136459286497,8.168600956812556,0
7.612379133571707,89.41741182336803,1,14,3.709771573489368,2.8505075119584156,10.0,0
4.44612459364324,80.90460651497173,1,7,1.342169331691865,6.529017268998309,5.726628884672983,0
8.543733455988466,113.9982570582615,3,14,3.02595739607094,4.00075598662785,10.0,0
7.708896223619565,41.510681746902364,4,21,4.10918842653362,3.9111941635064658,10.0,0
7.384044601470814,58.38952742560937,0,12,3.3922017569740412,3.09258245347404,10.0,0
8.474036475918272,57.96591235262421,4,16,2.5718385573664984,1.338569637307348,10.0,0
9.498211666693866,118.50922775920728,3,20,6.078402509376416,2.7447857671592555,10.0,0
8.521555097527196,141.31840117745776,0,23,2.423476335589466,3.010216618137917,10.0,0
4.238688653002532,86.86652344387585,0,2,1.0,6.69083409886753,4.94276578757961,0
5.080634549896448,84.93534830429968,4,5,1.6858316982203674,7.6602306789455845,7.839485867255618,0
6.062772133456482,92.10156489339545,2,4,4.030866089381691,6.299369376665877,10.0,0
7.039136575316251,124.85634907824571,1,21,3.0668392490619834,5.199776888239296,9.71376342438088,0
7.776488530703684,62.17940597428277,2,16,4.3626446814627595,1.9879159010883058,10.0,1
5.911384280269802,97.15106948204355,4,22,2.002585125814816,5.919196778568249,8.77523165606975,0
7.280150146715617,119.25592889347288,1,1,3.3922885548186463,5.770105958963124,10.0,0
5.866925601470016,105.03282509819536,2,14,1.0,5.507987817734371,9.348708029759523,0
6.082723295512078,95.68744849796231,1,4,2.881659617506414,6.863181602774009,10.0,0
4.890008354727667,120.03138277701424,0,19,1.0,8.403259981074111,7.275597350819006,0
5.615150130833643,20.0,2,5,4.232850581432707,6.381916034643163,10.0,0
4.9724730915755,110.33625958592722,1,5,1.0663011237703524,7.171707694721307,7.682944381898542,0
5.536190120534001,70.37772950617729,1,17,2.1987951784765816,6.2241637377083,7.957858674794101,0
8.580462694911759,35.08101309430629,1,17,3.897688845513924,3.418408144991102,10.0,0
5.5759016667520855,105.33607798574943,2,3,1.0,6.62709357007938,8.10119297981196,0
10.0,131.20975635488873,3,16,3.9276669161718596,1.685595164791266,10.0,0
7.739976851321334,85.87654456116924,2,13,4.689031767139368,3.2427560548369585,10.0,0
7.2772541855423105,118.58623641608817,4,13,3.996273145906391,4.9377380418328976,10.0,0
5.7124633297281795,138.36834773965936,2,12,2.8931792650586634,5.3031143773199245,7.389325872959652,0
8.050464819113486,129.44743360752142,1,6,3.6862897207530287,3.9637334923143452,10.0,0
6.136543260643339,139.19893588114178,0,11,1.0,7.279986122272611,9.876346062694063,0
7.183014721968042,112.26382473215676,2,22,3.4310050442111275,2.4967951724026234,10.0,0
10.0,92.26300916704778,2,14,4.166494458134953,3.0721989212453114,10.0,0
6.855910150413025,41.94102564308495,1,18,1.0,4.9654811623415505,10.0,0
8.723909989428513,82.61812535610154,0,10,5.520730474165566,2.193294150676036,10.0,1
5.945235362311169,64.70260214051424,0,14,2.60854105319326,5.676532167902545,9.306165048890202,0
6.947517264254557,155.1282815249344,4,11,4.65349959673882,5.641101821400675,10.0,0
9.656200953453265,84.7234256270299,2,2,2.5426460369263646,2.98584650876925,10.0,0
6.059549413318349,93.69614420353457,0,16,2.708292622919556,6.484736132843835,8.739884792760567,0
9.718672836995394,106.54456128121403,0,2,6.476350373423702,1.0,10.0,1
8.061627903183213,91.30807339117361,3,18,2.6557871065985603,4.04743573346719,10.0,0
6.156299836158599,140.8515312129226,3,19,3.807657558695279,5.98559783041353,10.0,0
7.948611608583281,71.32051914796644,0,3,3.434216368433701,3.322896281067593,10.0,0
8.458831674440095,95.83822365711728,4,2,3.3719853453445467,2.410300152208711,10.0,0
7.932714943325795,67.72588242905854,0,15,3.289456297243268,4.9441868329460155,10.0,0
4.644662920164315,50.39932466337883,1,11,2.011684454440195,7.235387644127908,7.880468112263879,0
5.9092942362626975,71.64692727284144,2,7,2.642815963368968,4.545050054311693,9.401571257343926,0
6.628722046672743,88.88889608854764,4,23,5.662360620802937,3.5181489478928185,10.0,1
6.88834985634993,77.1209332644822,1,16,1.7716362554970913,4.011326400413592,10.0,0
7.9310081463260165,69.22737060378432,4,6,3.011572347606397,3.657284009828361,10.0,0
7.2665515013998805,47.81047608984498,1,10,3.7690308976717652,3.7704956107104257,10.0,0
4.996983461934848,87.50683282113916,2,17,1.0,7.714596576519048,6.661193382867647,0
7.570296776508945,44.858388779069934,2,0,3.1469934455164323,3.967262758656406,10.0,0
7.915878617925735,112.80167891068808,3,2,4.360101483734136,4.933718389671974,10.0,0
7.83968567189656,92.4731925880351,1,3,3.911294496850047,4.028389605181129,10.0,0
8.621171088331932,46.27345501605208,3,12,6.203894220880509,1.0,10.0,0
8.250883231823355,80.7237276885041,1,5,3.748258992950794,2.898813698504812,10.0,0
7.688770118842655,67.4353078322825,3,13,4.479699341229112,4.495241418270719,10.0,0
6.894751432812029,99.57523531257542,2,4,2.9371070883789208,4.713312893872915,10.0,0
4.508558599726013,130.21351338069434,4,15,3.028497883387092,8.164756991909305,6.949254069333066,0
7.644427328698879,33.74482591062766,3,14,3.9352762283497427,2.5992381212321156,10.0,1
7.311531530744666,93.45078237442252,1,14,5.807326957428691,3.216169660287197,10.0,1
7.4073682557930605,85.19601613300078,1,3,3.4952127136950693,3.8892212823775085,10.0,0
5.084877136269536,110.14020229351397,2,7,1.0,7.05984034498835,8.3961553803732,0
5.378415189387606,96.39589884713067,1,15,2.8474596638752394,5.572495405269795,7.45939627663665,0
8.579729279999356,67.44092004783542,0,15,3.9776683978590146,2.308574809274566,10.0,0
6.940667269215018,80.42838193000145,4,3,5.398892483560623,3.4603425209656904,10.0,0
8.022251046058937,66.11922429589532,3,12,5.2238661269815765,4.198980943103415,10.0,0
7.042477564195692,122.28021415795794,4,12,4.249926741278936,4.701070247515573,10.0,0
7.044634209243617,90.63934946015827,2,1,2.3381171262325764,5.918777160218537,10.0,0
8.407425708963997,147.0357205725902,3,2,4.156827315312583,5.571917484453415,10.0,0
6.225932907673939,88.18017558556137,3,21,2.660060111084781,5.1626907206970065,8.236629621055052,0
7.144181165411475,68.74779699268612,0,7,4.259431807865087,2.993166718585944,10.0,1
6.306587066942436,44.58856822161518,2,23,2.130666871776721,2.350657859017813,9.54657829982805,0
6.348255658851526,35.90580971232165,1,14,4.455066931058221,2.7781374299937096,9.878052436840518,1
6.536241814797041,42.475921709835305,0,10,3.098655672829723,2.797855388801554,9.995940118389651,0
7.333200657450569,98.0137995303445,0,8,4.055064053870711,5.678832295516677,10.0,0
6.281877067504784,105.26175069689802,4,6,4.23689083303125,5.588310031337129,10.0,0
8.883634188360281,42.564278939036,4,12,5.411826822166254,2.2153749847156403,10.0,1
5.658089046670744,116.85114942228347,4,1,3.3879415569178213,4.069009101432188,7.437478071096174,0
6.719692533757962,75.50816844949682,0,7,2.413541047818403,3.340810511183057,10.0,0
6.340403412588738,94.40379035956649,1,6,4.160548241389369,6.120072869850324,10.0,0
9.1704668265306,138.36661884766272,3,23,6.061181315599482,3.4224175999796986,10.0,0
7.294832164767362,116.90517947596595,4,11,4.310053800125462,4.506382214479807,9.818754213911443,0
8.547766809202953,81.94408056282504,1,18,5.26413254318652,3.3828102254442536,10.0,0
4.771659440444542,63.264233237541376,2,6,1.0,7.91854225298363,5.075390457477826,0
7.4005753988038885,25.445537960120845,4,9,4.1970781991101855,2.8024744369944083,10.0,0
8.334446193435156,68.42540042272739,3,15,4.562701300812483,2.8753469496017035,10.0,1
7.123425983913136,83.66609283516917,2,2,3.970611736088939,4.463605815404322,10.0,0
8.598220562598026,60.384614185464486,2,9,3.0846115478318477,4.8002993091003745,10.0,0
6.224067324849441,86.06229098723085,3,5,3.729973690857012,3.1109479271853804,7.6469179493069,0
9.11402116027837,92.30555648876305,4,17,4.955653175381609,3.107627795989823,10.0,1
10.0,83.25432054575765,0,17,3.2150709187549937,1.2727697603368973,10.0,1
6.455742159340511,70.49992257529621,3,4,4.069381964961291,5.286028276431939,10.0,0
6.331746217898842,95.05964015900183,3,20,3.3248474899849,4.5952085640897975,7.4325362805919415,0
9.180076715676552,103.25821948708227,3,6,4.730503821333568,2.4919285782497016,10.0,0
9.36935821859607,57.28802767671462,2,1,5.642946882146775,2.296852822148003,10.0,1
6.2157099592700975,132.3279713923881,1,10,1.0,9.102666431646877,9.003267134368505,0
6.369719774356215,87.04235603147215,0,12,2.8222002957987873,5.889022348903726,10.0,0
6.577323086709239,90.56548868834543,4,22,3.09421988061567,4.084036126732676,10.0,0
4.9833242334485846,111.24643269769672,4,4,1.0,6.44702329615699,6.611492745207943,0
5.622022080273703,96.99648393790505,1,5,1.3301936180819172,5.541171876974194,8.40182963147147,0
5.493788849871898,118.59409901739735,3,23,1.8171217086786933,4.68713629445471,8.258700146852293,0
5.848303652343807,98.61372495605472,0,13,1.5597673814959703,5.465168238555668,9.245085824359116,0
6.947972668919828,71.62687876078687,4,11,3.2831886565696338,4.978637725581698,9.055100640098916,0
7.351322098804781,100.84510575618305,4,3,5.478925115922184,3.0551975447214748,10.0,1
9.325750739221116,55.688213780380146,3,22,4.332866058758705,2.650868808169146,10.0,1
5.5024689388918135,93.2567911732957,1,5,1.0,6.539585735080786,7.62381885597391,0
8.476483597714875,89.00310028066617,0,9,4.934323611562864,2.2726680849918566,10.0,1
6.6790167336617365,83.7564942818238,1,17,2.353563471966556,4.575395200364146,10.0,0
6.925804435521351,86.14387465683208,1,14,2.5108338774791767,6.108248616400218,10.0,0
8.012229238249905,33.544528635070826,0,7,4.022563790487618,3.2803940525071416,10.0,0
5.315916967656552,73.53825276777116,0,8,1.0815223786623396,5.918504233371115,6.988882325667813,0
7.573614619276076,92.78534703423344,4,4,5.490845251673965,3.7351245143334975,10.0,1
7.249678312319584,94.79569175992201,4,9,4.600273922540707,4.406858954130776,10.0,0
7.738676896012223,59.169745772221255,0,19,2.84716914416249,2.7357219755824937,10.0,0
7.433752965861727,127.97123522594103,2,5,6.314250810364548,2.5943514488516093,10.0,1
10.0,64.01475455356497,4,15,4.937314753588691,3.1090904864274806,10.0,0
6.043390023623026,119.08371601580211,2,23,1.8907448542725835,6.096663575839744,8.547392462565323,0
6.203504567497274,102.81583085615054,0,2,2.8664928390523796,5.908239878561106,9.217165607216838,0
6.065289210362853,70.6131807046859,4,9,4.192597922979118,5.053689384838336,10.0,0
6.166784321259618,143.25932677828536,1,10,1.9406422964529075,5.48575432432055,7.826493845005503,0
6.0439193090402235,54.190895047305595,0,10,4.049230680116067,4.673337794132766,7.214036231985677,0
8.783524796661327,117.57462520830005,3,16,4.602300143204208,1.5766575279493626,10.0,0
9.130756371984782,120.01746954128934,2,3,2.8235323601423015,5.146621285090012,10.0,0
6.143880559375786,69.88139372770065,0,3,2.8179132535152585,3.7862973376634956,8.897583311321057,0
5.751466640343657,131.77395900192985,0,16,2.39017130643026,5.412799725841328,7.846043582384371,0
7.707123334579606,82.49860456203142,4,8,3.127432939775689,3.227594203734517,10.0,0
6.171665433578543,98.66080887839571,4,18,1.2012719032300034,6.760757105913763,10.0,0
7.949397726633266,97.80965516313663,4,4,3.8087436686967306,3.6952721920149987,10.0,0
7.304384531276949,85.97073775588356,3,21,2.8225777943048413,2.8923253019573143,10.0,0
4.7263838275041525,114.32424819479346,4,23,1.0,8.433358669833078,5.6733486854635835,0
9.321257801995092,113.80466161656639,0,5,3.800555950047471,3.306487185066496,10.0,0
9.693816509643282,37.544040802854575,4,2,4.595963349389923,1.47035246095408,10.0,0
6.080816964273421,129.13020728634459,1,21,1.0,6.787087398336496,8.311844625327376,0
6.418447660096024,40.12524035892977,4,0,3.477719061931479,6.644668246468591,10.0,0
7.428798086087357,120.97638613024972,3,19,3.6502608997331705,6.772569911119584,10.0,0
7.501685184980538,123.8011541048275,1,21,1.6423752316286453,3.8749520404299584,10.0,0
7.987816409009246,57.27100709354405,0,15,3.7930948938497804,4.590585368694308,10.0,0
10.0,77.67557136136246,0,22,4.887283214221141,1.677761045781608,10.0,0
6.734579158758926,56.828859945421925,2,10,4.479989839750879,4.711664323135855,10.0,0
5.802554133192319,83.55236909133794,1,12,4.4157412495271124,3.8977145200199845,9.469709479269094,0
4.9310211579782095,80.75897147442777,2,9,2.9253094540403213,6.244575934540724,5.780644949556842,0
5.9036049400871216,113.3898159680802,1,2,2.074108752853633,5.173401735710983,9.155055097968031,0
6.950309540689305,129.30926238358825,1,8,2.5653792465603735,6.032903647263808,10.0,0
9.691836795276682,131.87051432369867,3,11,3.6131589414645386,3.5770856105211006,10.0,0
6.223583051445743,73.13495920265093,2,22,4.189855013714123,2.9208465842487943,10.0,0
7.335681927458348,83.72334378766416,3,13,5.538726634344718,4.037672271665118,10.0,0
6.975365655890872,39.496854233371494,1,0,1.9014186341742638,4.804776752792905,10.0,0
8.782589910172126,65.82389800511433,0,17,3.0684188967775095,2.1277960942663348,10.0,0
10.0,118.94554899292373,1,16,5.196099988574378,2.7114894615510936,10.0,1
6.203696840619519,138.46748470644695,3,8,3.6197724208002584,6.455260038781681,9.48679642353133,0
6.265840836222667,52.96953384360234,2,8,3.0063616961130677,4.958644959789998,9.859032879316306,0
8.566241315603609,72.22607222541318,2,22,5.267163796335351,2.3662115767516467,10.0,1
8.022837234439468,89.20782729123219,3,9,5.044904785009782,2.247379082945359,10.0,1
9.770060988604051,98.4048347645882,2,18,6.372258493119027,1.0,10.0,1
7.875892277988946,65.71189440235062,4,14,4.484006555216718,3.9286584765055483,10.0,0
6.461061863819411,102.7218313339227,0,4,3.5750552438535665,5.270426913931517,10.0,0
7.885982246038464,75.78481958787252,0,14,6.09396151087217,3.2385858358188537,10.0,1
8.663055370874362,89.56643187365162,0,19,4.337213001589636,2.4058284513641457,10.0,0
8.230723271796046,106.38852744011099,2,22,3.9998077383044532,3.2372300067250515,10.0,0
7.760911046660946,90.19266809432814,2,1,4.1061200051468205,4.789211882732662,10.0,0
8.600012034383731,76.90842328420294,1,12,3.739737355454789,2.346550938484958,10.0,0
8.75394338566851,86.71170588222508,1,23,6.858853886290513,1.350186999067006,10.0,1
9.07323848655629,87.34911122383994,0,15,3.638414609864029,3.126231809381215,10.0,0
7.973064831384464,78.89966910353617,4,14,4.409246586838798,3.1370529898097548,10.0,0
6.749322879524718,82.23611811998693,1,9,2.3291206193768708,4.652674954674508,10.0,0
7.220070529649984,137.9594151151415,1,13,3.2626229297552127,6.686831362001884,10.0,0
8.809763449762535,106.82758343823716,2,9,4.931041181290584,2.950135716857577,10.0,1
5.774596493519146,81.13559045912518,4,13,2.9433951078856206,5.866847020584999,9.715880511461595,0
7.553009963309352,110.90863213532207,0,22,3.960138405612273,3.116543747647691,10.0,0
6.409991781508959,79.9854153073197,1,8,1.0985839905841912,4.703429021262076,8.910259236652555,0
7.043117234402226,125.19373912759923,4,13,3.220015187051696,5.652971129599695,9.027091055154164,0
8.917677793910947,101.08926576594281,4,2,5.831084305518143,1.2117695683468575,10.0,1
7.286648602029855,86.78093567987314,0,19,4.673841856326149,4.36054541908374,10.0,0
7.069654822234223,103.43150777430833,4,15,3.1824116193639935,4.754994713315723,10.0,0
4.960215788530121,42.87371543794502,4,1,1.0,5.795633591023068,7.077207021639615,0
8.119380349040831,56.19697593270584,4,9,3.5754908599009347,3.854394815162509,10.0,0
7.968226271711613,54.18224980802834,1,2,2.475124104350033,3.269249739937381,10.0,0
10.0,94.2882928429112,0,10,4.802545669987293,3.0495434457382977,10.0,0
6.538332647570499,141.97544998455277,4,10,5.341653660444323,4.834335336578011,10.0,0
7.328725491495908,156.93900438577896,4,20,3.8279469038020637,5.422849148818756,10.0,0
7.374075525566133,109.14153304322272,1,20,4.3457231109233945,4.529416811544193,10.0,0
9.366179919645212,105.0253342483337,0,21,4.257878803457015,1.3149878240719362,10.0,0
6.857056701419572,35.96826797541783,2,12,3.505510352276346,4.698709433595404,10.0,0
7.418532288655509,73.71978600797935,1,6,2.267308113987521,6.134804117330297,10.0,0
7.911844764574809,66.36648744275283,0,22,3.197484469818362,3.1772572849872405,10.0,0
7.279913684734537,71.37457205246652,4,16,2.648409761750611,4.414683604413672,10.0,0
6.330349578174207,84.95568544245631,0,1,2.9130303501263275,5.1700969883487256,10.0,0
7.291134989347461,75.83728266908618,0,11,3.4031811267969494,3.259235051896799,10.0,0
8.610447624789657,30.62100568872637,0,9,5.243290705115454,1.0,10.0,1
5.460227050883409,112.43730768352602,2,17,2.8409730649929474,5.707954594079992,9.610844863596176,0
7.199454511220314,57.81770922780581,0,21,3.6956843630216683,2.372215594958051,10.0,0
5.94981877759124,97.17740592333449,2,10,1.0284629105774077,7.373906732523453,9.14628664001107,0
8.792569943387264,152.2224800924992,4,15,4.313000290820971,3.629361697564484,10.0,0
4.715219642824338,62.418462252407295,2,16,1.7589453081117283,5.97916873233528,6.040874222142072,0
6.161617229092617,20.0,4,18,2.884604741277155,5.060869929028522,9.837916741278184,0
7.565817812596781,81.41987334359668,4,17,4.94830258642584,2.6694289736072756,10.0,0
9.34828604385151,123.02878904995714,2,2,4.648815093772337,1.9353297356432226,10.0,0
6.901374608390518,148.75042362661782,1,20,1.8277519157723157,5.6458713879684,10.0,0
6.167200709960202,53.1135121664275,3,15,1.7116708625890968,5.74679348423707,7.750579203493367,0
9.821735604160885,104.90097669709564,0,5,3.909621305392097,2.428299052626164,10.0,0
4.8279791493756345,76.0406862965984,3,11,1.1345545297235888,6.687690764750221,8.59304161647659,0
3.701791065069877,86.82154937087593,0,10,1.0,7.823352493014072,6.438877786189612,0
7.6600216750799985,169.33030041051103,0,14,1.3152569500569793,5.562385853955293,10.0,0
6.246918663471083,44.910890148145405,4,14,5.038601821748252,4.703249077460594,9.613501453719516,0
5.46815077430393,97.6121898448372,0,15,3.9149468944819934,5.12874678166642,7.907983655819438,0
8.06253467094903,104.030795152963,0,9,2.3055174264949025,3.7173911365668366,10.0,0
7.365701070656798,122.57358974818041,2,11,4.284227856722691,3.6035034328951228,10.0,0
6.1538820538949075,92.93949460412686,3,12,2.40431553996295,5.476192065741364,9.462665172977209,0
5.079543401993659,99.24151618512307,2,3,3.255288172905596,6.09383392627015,8.765345247132554,0
8.308685992420218,78.25054297734627,0,6,1.2599579089962647,5.534871346651748,10.0,0
7.975301766937991,98.07380823735322,4,21,4.905927136330061,3.61936731993285,10.0,1
6.851236204330926,79.70423173507768,2,1,2.6053554723733816,3.0729280916587807,8.746392896753012,0
9.7699554940715,108.64715669568153,2,14,4.268198125844186,1.9066502401796015,10.0,1
5.394872850510771,78.91168991869098,1,7,1.0,6.4396807271053005,7.71963369181418,0
4.711712243612892,101.31301181706559,0,6,1.0,8.650201899490725,6.824869617594056,0
5.962137895178134,89.12211558945064,4,14,1.619032943504776,4.933778298040659,7.053196671584257,0
6.931620975466753,123.78150752316505,2,22,4.291087136807553,3.548976175895691,9.942636745822437,0
7.3650091739840375,88.45818829234541,2,13,2.9905889538354353,4.9261309756527005,10.0,0
6.638145913215505,36.80902595379356,4,7,4.599721478534156,2.594739146781403,9.349572524449785,0
7.528083094771445,127.85764502141976,0,11,3.054874871697503,4.1667222140780655,10.0,0
5.122690863714334,62.82803097412143,1,12,1.3829335133122713,5.666822500343362,8.641827910044407,0
9.165646906109888,70.3870098405354,2,10,4.800609158899531,1.9378364712655936,10.0,0
6.876773232411146,72.13016117869523,1,16,4.584076462702183,5.0145605776414435,10.0,0
8.675943747382192,131.23314279512454,3,16,3.553404998083472,2.8276410169168296,10.0,0
7.5140880195665565,25.929773580639136,0,23,5.02763931616078,2.644345621277335,10.0,0
7.685129828730676,184.1324560097998,3,3,4.6365331460618115,5.369474085149932,10.0,0
7.8546509203483055,121.68170427198156,3,20,2.949049153383947,4.322975441703509,10.0,0
7.671562840025972,96.69716742387479,3,7,2.50746798679792,4.0378837917465304,10.0,0
7.964084139801316,88.3531799815114,0,4,3.4296604461881453,3.9444746351131204,10.0,0
8.993728795198647,98.5666222457297,0,15,2.726881968998594,3.4928877518719186,10.0,0
7.294781754552205,105.63367285138015,4,3,5.773125546209696,4.858413575288432,10.0,0
8.063505636382768,109.35646757850171,1,21,3.285210909864235,4.212687680101479,10.0,0
6.86539645856916,106.66813398010345,1,14,2.810167102290041,3.330182607686086,10.0,0
9.16017582317421,92.68742043765747,4,11,3.7699455342151253,2.434842216619095,10.0,0
5.985411546911095,84.07984739078022,4,4,4.112566520669037,5.895426790936851,8.922196871844429,0
9.701410649366224,85.46180149039465,3,22,4.0631857929301765,2.4518939033774707,10.0,0
6.939763074033485,84.15275158941957,4,15,4.455146822873145,3.77043201155638,10.0,0
4.853837346822928,124.01310290601194,2,13,2.1633153043512627,6.554008426721959,7.284985879228544,0
7.192156622366184,107.80670166842586,1,9,2.8441775504448237,4.0305210634906485,10.0,0
5.978422513787679,20.0,4,6,4.130874616818373,4.891324719436997,10.0,0
8.260965323483086,109.67702329589284,2,12,3.377495064642102,4.600866119706003,10.0,0
6.021064031046413,95.84208584156325,2,19,3.5679377597228648,5.168843959021372,9.343248902574398,0
6.33072485017783,89.43873730662308,2,4,2.454050202152746,6.067883085226271,7.977176450176678,0
4.165688903581703,78.34444640733342,2,2,1.0,7.263531679038449,3.617803218543491,0
6.321540521126385,123.7233815995804,3,14,3.2400890202761143,5.616230061704185,9.870686510919745,0
3.364181010056565,118.42579386368574,2,3,1.0,8.398197991186894,4.951447283803975,0
4.624145764771415,66.81366996529172,3,14,1.0,7.236026765918938,6.42143597224238,0
8.140621984216446,102.21156861373605,3,13,4.261502838232519,3.888481976132891,10.0,0
8.178700237976248,60.85029796376142,2,19,5.244838705326898,5.111296822400747,10.0,0
7.6381863426774474,48.61145505633208,1,18,3.326330703015525,2.3197799319307633,10.0,0
5.549535785306181,71.19848326230104,2,12,1.3327663641938923,6.155207304428813,8.410414546218249,0
6.92843296578703,115.87180417148276,2,9,2.376470858686036,4.473562760592837,9.645726163610377,0
6.994596191364147,118.5937513612826,2,20,4.2842075364514125,4.112679344335253,10.0,0
5.262452966211185,105.39256260291879,1,4,1.6421620566510031,6.483222606802489,7.676548374370576,0
9.255097452650727,111.75287360543992,0,22,3.3710315608266206,2.744802920180308,10.0,0
8.316043435863508,105.48534861344875,0,19,1.186275404547913,6.360219262754065,10.0,0
6.668553739255504,70.75555214331143,3,19,3.702402953875202,4.326559647449818,9.35300372338582,0
7.040328758491796,102.95767634021821,3,5,2.574004104452605,3.5454537843604905,10.0,0
7.312574211921329,114.01228575683047,1,3,3.1191291070599654,4.860641268186898,10.0,0
3.937397697363564,112.62873989440723,4,1,2.5430138718139244,5.865107929996855,6.385923581412179,0
6.629233926219104,125.66740114423928,0,21,1.0182057034627339,5.3732659769139515,9.675205136018914,0
5.977023628003302,111.24911541603191,3,15,1.0,5.893153577892391,7.129175658234555,0
5.497569985157627,100.54344622624748,0,17,2.361981817391377,6.972754501558376,7.813581094148053,0
6.578349560671068,122.10450714949283,1,4,1.7090862134977747,6.430347807914993,10.0,0
9.696529790274283,89.2043622225282,1,21,5.623943987391339,1.2866399611934694,10.0,1
7.961264291900514,63.54376046316847,4,3,4.655316052782663,2.947184367855694,10.0,0
6.143231515325805,85.10799108168709,4,12,3.9507062106163913,4.509114172091643,10.0,0
7.858874172034238,67.65292065580653,1,18,4.656658183675353,2.1406119507548436,10.0,0
